Rank in 2020,Institution Name,Region,SIZE,FOCUS,RESEARCH INTENSITY,AGE,STATUS,Academic Reputation,Employer Reputation,Faculty Student,Citations per Faculty,International Faculty,International students,Overall Score
0,NONE,NONE,NONE,NONE,NONE,0,NONE,0,0,0,0,0,0,0
1,Massachusetts Institute of Technology (MIT),United States,M,CO,VH,5,private,100,100,100,99.8,100,94.1,100
2,Stanford University,United States,L,FC,VH,5,private,100,100,100,98.6,99.8,67.7,98.4
3,Harvard University,United States,L,FC,VH,5,private,100,100,98.7,99.6,86.3,62.2,97.4
4,University of Oxford,United Kingdom,L,FC,VH,5,public,100,100,100,84.7,99.7,98.5,97.2
5,California Institute of Technology (Caltech),United States,S,CO,VH,5,private,97.8,81.2,100,100,99.4,87.3,96.9
6,ETH Zurich (Swiss Federal Institute of Technology),Switzerland,L,CO,VH,5,public,98.4,96.7,85,98.4,100,98,95.9
7,University of Cambridge,United Kingdom,L,FC,VH,5,public,100,100,100,74.2,100,97.6,95
8,UCL (University College London),United Kingdom,XL,FC,VH,5,public,99.3,98.7,98.1,76.7,99.1,100,94.8
9,Imperial College London,United Kingdom,L,FC,VH,5,public,98.6,99.9,99.8,72.1,100,100,94.1
10,University of Chicago,United States,L,FC,VH,5,private,99.5,93.7,96.5,78.5,70.2,81,92
  11,Nanyang Technological University (NTU),Singapore,L,FC,VH,3,public,92.1,93.8,93.9,88.8,100,74.2,91.8
  11,National University of Singapore (NUS),Singapore,XL,FC,VH,5,public,99.8,99.2,88.3,75.7,100,76.4,91.8
13,Princeton University,United States,M,CO,VH,5,private,99.9,98.6,70.7,100,64.9,67.6,90.9
14,Cornell University,United States,L,FC,VH,5,private,98.7,90.4,65.7,95.1,93.8,72.3,89.3
15,University of Pennsylvania,United States,L,FC,VH,5,private,95.8,93.7,100,67.6,84,63.6,88.9
16,Tsinghua University,China,XL,FC,VH,5,public,97.4,99.1,92.4,80.4,68,30.1,88.6
17,Yale University,United States,L,FC,VH,5,private,99.9,99.9,100,53.5,78.1,57.4,87.7
  18,Columbia University,United States,L,FC,VH,5,private,99.7,97.6,100,53,40.1,96.9,87.4
  18,Ecole Polytechnique F�d�rale de Lausanne (EPFL),Switzerland,M,FO,VH,5,public,75.6,77.6,96.6,98.9,100,100,87.4
20,University of Edinburgh,United Kingdom,XL,FC,VH,5,public,97.5,93.7,85.6,53,98,98.6,86.2
21,University of Michigan,United States,XL,FC,VH,5,public,98.9,94.4,91,61.6,79.7,44.1,86
  22,Peking University,China,XL,FC,VH,5,public,99.1,99.6,72.3,73,70.7,36.9,84.3
  22,The University of Tokyo,Japan,L,FC,VH,5,public,100,99.1,93.3,67.9,11.1,26.2,84.3
24,Johns Hopkins University,United States,L,FC,VH,5,private,88.3,52.6,100,77.6,68.8,81.5,83.9
  25,Duke University,United States,L,FC,VH,5,private,89,84.2,99.4,80.3,12.4,59.3,83.8
  25,University of Hong Kong (HKU),Hong Kong,L,FC,VH,5,public,97.3,82.6,87.2,44.5,100,99.1,83.8
27,The University of Manchester,United Kingdom,XL,FC,VH,5,public,94.9,97.7,74.1,51.5,92.6,98.6,82.7
28,"University of California, Berkeley (UCB)",United States,XL,FC,VH,5,public,100,99.9,30.9,97.7,92.4,39.7,82.6
  29,Australian National University (ANU),Australia,L,FC,VH,4,public,96.9,81.3,37.5,87.4,100,99.8,82.1
  29,University of Toronto,Canada,XL,FC,VH,5,public,98.9,96.3,71.5,43.9,97.7,93,82.1
31,Northwestern University,United States,L,FC,VH,5,private,85.9,80.2,100,62.8,76.1,49,81.5
32,The Hong Kong University of Science and Technology (HKUST),Hong Kong,M,CO,VH,3,public,85,71.3,59.5,89.5,100,87.5,80.6
  33,King's College London (KCL),United Kingdom,L,FC,VH,5,public,88.5,80.4,82.3,52,98.5,99.8,80.5
  33,Kyoto University,Japan,L,FC,VH,5,public,98.7,92.5,96.3,53.2,15.4,17.5,80.5
  35,McGill University,Canada,L,FC,VH,5,public,92.2,93.8,63.3,58.4,93.7,96.2,80.4
  35,"University of California, Los Angeles (UCLA)",United States,XL,FC,VH,5,public,100,99.7,40.6,88.3,50.4,38.2,80.4
37,Seoul National University (SNU),South Korea,L,FC,VH,4,public,96.9,91.1,88,61.6,19.2,11.9,79.6
38,The University of Melbourne,Australia,XL,FC,VH,5,public,99.2,98.1,24.1,75,97.6,100,79.5
39,New York University (NYU),United States,XL,FC,VH,5,private,95.9,95.6,97.6,24,33.5,93.4,78.8
40,Fudan University,China,XL,FC,VH,5,public,83.4,93.8,86.5,57.8,92.7,42.9,78.6
41,KAIST - Korea Advanced Institute of Science and Technology,South Korea,M,CO,VH,3,public,85,74.5,73.9,98.1,25.8,10.1,77.9
42,The University of Sydney,Australia,XL,FC,VH,5,public,97.5,96.4,23.6,70.9,100,100,77.8
43,The University of New South Wales (UNSW),Australia,XL,FC,VH,4,public,91.2,95.7,19.8,84.5,100,98.5,77.1
44,London School of Economics and Political Science (LSE),United Kingdom,M,SP,VH,5,public,78.9,99.7,34.8,91.1,100,100,77
45,"University of California, San Diego (UCSD)",United States,XL,FC,VH,4,public,92.2,51.8,60.3,78.4,60.8,70.3,76.6
46,The Chinese University of Hong Kong (CUHK),Hong Kong,L,FC,VH,4,public,87.9,61.5,67.7,56.2,100,91.7,75.9
47,The University of Queensland (UQ),Australia,XL,FC,VH,5,public,88.5,82.2,27.7,81.8,100,99.5,75.7
48,Carnegie Mellon University,United States,L,FC,VH,5,private,75.2,77.5,43.5,94.3,83.6,99.9,74.8
49,University of Bristol,United Kingdom,L,FC,VH,5,public,76.6,84.2,72.8,61.8,89.4,75.6,74.5
50,Delft University of Technology,Netherlands,L,CO,VH,5,public,71.2,88.2,46.4,90,99.3,87.8,74.2
51,University of British Columbia,Canada,XL,FC,VH,5,public,97,89,46,42.2,90.8,79.3,74.1
52,City University of Hong Kong,Hong Kong,M,CO,VH,3,public,59,41.3,89.7,89.4,100,95.3,73.6
53,Universit� PSL (Paris Sciences & Lettres),France,L,,,1,,77.7,98.6,100,26.2,67.1,72.1,73.4
54,Zhejiang University,China,XL,FC,VH,5,public,67.7,86.5,78.6,63.9,95.4,62.9,72.4
55,Technische Universit�t M�nchen,Germany,XL,CO,VH,5,public,80.2,99,89.1,26.9,60.6,76.8,72.3
56,University of Wisconsin-Madison,United States,XL,FC,VH,5,public,87.8,49.7,85.5,50,57.2,30.9,71.8
57,Brown University,United States,M,FC,VH,5,private,61.9,58.2,81.1,86.6,86,56,71.5
  58,Monash University,Australia,XL,FC,VH,4,public,88,91.9,17.1,64.2,100,99.9,70.9
  58,Tokyo Institute of Technology,Japan,M,CO,VH,5,public,74.5,82.7,86.2,61.3,30.7,31.3,70.9
  60,Ecole Polytechnique,France,S,CO,VH,5,public,43.8,99.3,99.6,66.3,95.2,97.9,70.5
  60,Shanghai Jiao Tong University,China,XL,FC,VH,5,public,79.6,93.6,53.7,65.5,84.1,20.1,70.5
62,The University of Warwick,United Kingdom,L,FC,VH,4,public,74.4,94.1,55.3,50.3,97.8,99.1,70.4
63,Ludwig-Maximilians-Universit�t M�nchen,Germany,XL,FC,VH,5,public,91.1,83.2,52.6,45.7,61.5,37.7,69.6
64,University of Amsterdam,Netherlands,L,FC,VH,5,public,81.1,56,44.8,75.9,79.5,52.5,69
65,University of Texas at Austin,United States,XL,FC,VH,5,public,94.2,83.3,12.1,93.4,6.9,18.6,68.6
66,Ruprecht-Karls-Universit�t Heidelberg,Germany,L,FC,VH,5,public,80,50.6,96.7,34.8,52.8,44.2,68.4
67,University of Glasgow,United Kingdom,L,FC,VH,5,public,72.2,58.9,63.7,55,93.7,96.5,68.2
68,University of Washington,United States,XL,FC,VH,5,public,86.1,51.4,17.4,99.2,55.8,40.5,67.9
69,National Taiwan University (NTU),Taiwan,XL,FC,VH,4,public,89.8,82.4,41.9,59.7,20.8,30.4,67.3
70,Universiti Malaya (UM),Malaysia,L,FC,VH,5,public,68.2,72,90.7,41.5,62.8,57.2,67.1
71,Osaka University,Japan,L,FC,VH,4,public,80.8,67.5,80.3,46.2,23.1,14.3,66.5
  72,Georgia Institute of Technology (Georgia Tech),United States,L,CO,VH,5,public,71.1,81.7,15.1,100,60.4,65.8,66.2
74,Universidad de Buenos Aires,Argentina,XL,FC,VH,5,public,87.2,91.3,77.4,2.4,50.7,64.7,66
75,University of Illinois at Urbana-Champaign,United States,XL,FC,VH,5,public,89,58.1,13.5,86.3,19.3,67.2,65.9
76,University of Zurich,Switzerland,L,FC,VH,5,public,58.6,64.5,99.7,38.7,100,59.4,65.8
77,Sorbonne University,France,XL,FC,VH,1,public,89.2,45.9,59.7,36.2,47.8,56.5,64.9
  78,Durham University,United Kingdom,L,FC,VH,5,public,57.3,91.2,35.9,77.9,97.2,87.2,64.2
  78,The University of Sheffield,United Kingdom,L,FC,VH,5,public,61.3,58.7,61,61.4,87.9,94.1,64.2
80,Katholieke Universiteit Leuven,Belgium,XL,FC,VH,5,public,79.1,64.3,11.8,85.3,90,37.5,64.1
81,University of Birmingham,United Kingdom,L,FC,VH,5,public,65.6,78.8,54.8,49.3,91.8,85.7,64
81,University of Copenhagen,Denmark,XL,FC,VH,5,public,70.1,43.9,100,25.5,92.6,29.4,63.8
82,Tohoku University,Japan,L,FC,VH,5,public,69.5,59.1,98.2,43.1,12.7,17.6,63.7
83,Korea University,South Korea,L,FC,VH,5,private,70,85,83.1,35.4,15.2,44.7,63.4
  83,The University of Auckland,New Zealand,L,FC,VH,5,public,84.2,62.8,25,44.8,94.4,91.8,63.4
84,Lomonosov Moscow State University,Russia,XL,FC,VH,5,public,73.6,84.9,99.7,7.2,18,56.1,63.2
85,Rice University,United States,M,FC,VH,5,private,40.1,22.7,84,93.6,89.8,90.6,63.1
86,The University of Western Australia (UWA),Australia,L,FC,VH,5,public,62.4,59.8,20.8,88.3,100,98.7,62.9
87,Pohang University of Science and Technology (POSTECH),South Korea,S,FO,VH,3,private,41.3,40.8,99.9,99.3,35.3,3.6,62.6
89,University of Science and Technology of China,China,L,CO,VH,4,public,56.2,26.1,81.1,98.5,16.9,5.7,62.3
90,"University of North Carolina, Chapel Hill",United States,XL,FC,VH,5,public,68.7,53.3,88.3,46,35.6,11.3,62.2
91,The Hong Kong Polytechnic University,Hong Kong,L,CO,VH,3,public,61.3,43.7,74.1,46.3,100,74.8,61.9
92,Lund University,Sweden,L,FC,VH,5,public,69.6,54.3,50.1,51.9,89.3,70.1,61.8
  93,Pennsylvania State University,United States,XL,FC,VH,5,public,76.5,80.4,31.6,67.8,21.4,38.6,61.7
  93,University of Leeds,United Kingdom,XL,FC,VH,5,public,69.2,81.2,45.5,41.6,84.1,81.8,61.7
95,Sungkyunkwan University,South Korea,L,FC,VH,5,private,58.4,74.6,85.7,49.3,21.3,38.1,61
96,The University of Nottingham,United Kingdom,XL,FC,VH,5,public,60.3,73.2,52.4,49.7,92.1,82.1,60.8
97,University of Southampton,United Kingdom,L,FC,VH,5,public,50.8,52.5,59,68.1,96.1,92.8,60.6
  98,Boston University,United States,L,FC,VH,5,private,63.1,57.5,53.8,62.1,33.8,88.6,60.5
  98,"KTH, Royal Institute of Technology",Sweden,L,CO,VH,5,public,47.5,68.4,63,72.8,96.9,48.7,60.5
100,University of St Andrews,United Kingdom,M,FC,VH,5,public,45.2,51.6,65.3,67.4,98.7,99.8,59.9
101,Ohio State University,United States,XL,FC,VH,5,public,63.8,67.3,66.7,41.3,81.1,27.6,59.5
102,Eindhoven University of Technology,Netherlands,M,FO,VH,4,public,30.9,65.9,62.5,97.1,98.3,57.5,58.9
103,Universidad Nacional Aut�noma de M�xico (UNAM),Mexico,XL,FC,VH,5,public,90.9,91,57.6,3.8,13.8,4.3,58.8
  104,"University of California, Davis (UCD)",United States,XL,FC,VH,5,public,70.3,33.9,23.3,80.4,65.3,60.6,58.7
  104,Yonsei University,South Korea,L,FC,VH,5,private,62.9,78.3,85,30.6,15.4,33.1,58.7
106,The University of Adelaide,Australia,L,FC,VH,5,public,59.3,43.7,28.5,73.7,99,99.1,58.6
107,University of Helsinki,Finland,L,CO,VH,5,public,64.5,54.8,66.8,51.5,58.1,6.8,58.4
  108,Trinity College Dublin (TCD),Ireland,L,FC,VH,5,public,62,51.2,35.8,56.8,99.5,93.5,58.3
  108,Washington University in St. Louis,United States,L,FC,VH,5,private,43.8,18.8,99.8,59.2,78.9,59.3,58.3
110,University of Geneva,Switzerland,L,FC,VH,5,public,51.1,23.7,52.6,73.6,100,97.8,58.1
111,Purdue University,United States,XL,FC,VH,5,public,63.8,68.9,30.9,55.6,97.1,61.1,57.8
112,Technical University of Denmark,Denmark,M,FO,VH,5,public,30.5,27.1,99.9,65.9,99.5,83,57.4
113,University of Alberta,Canada,XL,FC,VH,5,public,58,41.4,57,48.8,91.6,80.8,57.3
114,University of Groningen,Netherlands,L,FC,VH,5,public,50.6,24.5,67.9,51.8,90.9,94.6,56.1
115,Nagoya University,Japan,L,FC,VH,5,public,60.5,38.6,90.6,37.3,17.7,21.3,55.8
  116,Universidade de S�o Paulo (USP),Brazil,XL,FC,VH,4,public,88.3,73.3,25.2,35.2,8.9,3.7,55.5
  116,Uppsala University,Sweden,L,FC,VH,5,public,65.8,32.6,46.2,56.9,65.5,37.1,55.5
118,Leiden University,Netherlands,XL,FC,VH,5,public,67.6,30.5,29.7,64.1,81,47,55.4
119,University of Oslo,Norway,L,FC,VH,5,public,52.6,22.3,77.7,49.2,87.2,30.5,54.7
  120,Humboldt-Universit�t zu Berlin,Germany,XL,FC,HI,5,public,88.3,54,12.2,33.9,52.9,34.6,54.5
  120,Nanjing University,China,XL,FC,VH,5,public,60.7,30.3,31,84.2,68.6,11.1,54.5
  120,Utrecht University,Netherlands,XL,FC,VH,5,public,62.8,32.3,42.5,66,56.7,28.1,54.5
123,University of Bern,Switzerland,M,CO,VH,5,public,30.3,38.2,63.7,90.6,100,46.6,54.3
124,"KIT, Karlsruher Institut f�r Technologie",Germany,L,CO,VH,4,public,46.3,88.9,29.5,72.6,60,64.3,54.2
  125,Chalmers University of Technology,Sweden,M,CO,VH,5,private,30.5,61.4,66.3,73.1,96.8,56,54
125,Wageningen University,Netherlands,L,FO,VH,5,public,37.4,22,95.6,57.7,38.6,82.1,54
126,Queen Mary University of London (QMUL),United Kingdom,L,FC,VH,5,public,52.6,41.9,34.4,58.8,98.5,97.9,53.9
127,Pontificia Universidad Cat�lica de Chile,Chile,L,FC,VH,5,private,85.2,95.5,28.6,13.6,19.4,4.2,53.4
128,Lancaster University,United Kingdom,L,FC,VH,4,public,40.4,27,52.5,70.6,94.5,97.3,53.2
129,University of Southern California,United States,XL,FC,VH,5,private,58.5,60,28.7,64.5,21.7,75,53.1
  130,Freie Universit�t Berlin,Germany,XL,FC,HI,4,public,80.2,49,5.4,46,62.8,49.4,53
  130,University of Ghent,Belgium,XL,FC,VH,5,public,51.9,31.7,84.2,39,65.2,20.1,53
  132,Hokkaido University,Japan,L,FC,VH,5,public,56.3,47.1,84.4,34.2,20,15,52.9
  132,Kyushu University,Japan,L,FC,VH,5,public,55.5,49.2,85.6,32.6,18.6,21.5,52.9
134,Aalto University,Finland,L,FO,VH,1,public,40.1,47.4,55.6,69.9,90.1,37.4,52.4
135,"University of California, Santa Barbara (UCSB)",United States,L,CO,VH,5,public,62.5,20.1,14.8,86.2,69.1,29.6,52.3
136,"University of Maryland, College Park",United States,XL,FC,VH,5,public,54.1,34.8,50.9,70,26.4,26.5,52.1
137,Universit� de Montr�al,Canada,XL,FC,VH,5,public,55.2,55.5,55.4,27.5,91.1,61.8,52
138,Rheinisch-Westf�lische Technische Hochschule Aachen,Germany,XL,FC,VH,5,public,55.3,97.2,13,59,42.4,68.2,51.9
139,CentraleSup�lec,France,S,FO,VH,1,public,15.8,100,88.7,45.4,72.1,90.1,51.4
  140,McMaster University,Canada,L,FC,VH,5,public,40.4,42.5,85,32.4,97.9,45.1,51.2
  140,University of Pittsburgh,United States,L,FC,VH,5,public,44.6,21.9,96.2,49,15.3,23.6,51.2
  140,University of Technology Sydney (UTS),Australia,L,CO,VH,3,public,44.3,80.6,10.1,68.2,98.3,93.8,51.2
144,Michigan State University,United States,XL,FC,VH,5,public,61.9,65.8,18.6,54.4,63.8,36.2,51.1
145,Aarhus University,Denmark,L,FC,VH,4,public,52.9,45.7,38,62.7,81.7,17.6,51
146,Newcastle University,United Kingdom,L,FC,VH,4,public,41,73.7,47.7,43.4,89.9,84.7,50.9
147,Technische Universit�t Berlin,Germany,L,CO,VH,5,public,53.9,77.7,47.6,30.2,42,69.3,50.6
148,University of York,United Kingdom,L,FC,VH,4,public,42,40.8,56.8,51.3,91,66,50.5
149,Politecnico di Milano,Italy,XL,FO,VH,5,public,60.4,84.3,6.3,56.9,44.6,54.5,50.4
150,Hanyang University,South Korea,L,FC,VH,4,private,46.8,68.4,77.2,30.8,25.4,34.8,50.3
151,University of Basel,Switzerland,M,FC,VH,5,public,30.4,25,37.8,91.3,100,86.4,50
152,Indian Institute of Technology Bombay (IITB),India,M,CO,VH,4,public,54.5,71.2,45.8,54.6,3.4,1.6,49.4
153,University of Lausanne,Switzerland,L,CO,VH,5,public,35.3,23,68.4,52.8,99.2,69,49.2
  154,Cardiff University,United Kingdom,L,FC,VH,5,public,48.6,38.3,52.5,37.9,79.1,69.8,49
  154,Universit�t Wien,Austria,XL,FC,VH,5,public,64.4,47.3,26.2,17.9,98.3,92.5,49
  156,Emory University,United States,L,FC,VH,5,private,26.9,11.8,99.7,59.1,49.4,45.2,48.6
  156,University of Minnesota,United States,XL,FC,VH,5,public,66.2,26.1,31.9,58.2,6.9,18.8,48.6
158,Tecnol�gico de Monterrey (ITESM),Mexico,L,FC,HI,4,private,36.9,88.9,89.5,4.6,98.2,18.4,48.5
159,Universiti Putra Malaysia (UPM),Malaysia,L,FC,VH,3,public,44.8,44.4,73.2,20.9,58.8,82.3,48.4
  160,Ecole Normale Sup�rieure de Lyon,France,S,CO,VH,5,public,35.4,10.4,97,47.9,59.5,20.3,48.3
  160,Universiti Kebangsaan Malaysia (UKM),Malaysia,L,FC,VH,3,public,50.9,44.7,87.8,13.1,24,38.9,48.3
162,Hebrew University of Jerusalem,Israel,L,FC,VH,5,public,39.4,38.5,77.9,43.4,71.1,11.6,48.2
  163,University of Bergen,Norway,M,FC,VH,4,public,34.1,13,79.5,60.8,88.6,10.1,48.1
  163,University of Exeter,United Kingdom,L,FC,VH,4,public,38.8,57.2,41.5,49,92,80.6,48.1
  165,Universitat de Barcelona (UB),Spain,XL,FC,VH,5,public,71.8,45.5,32.5,29.8,5.8,33.8,47.9
  165,Universiti Sains Malaysia (USM),Malaysia,L,FC,VH,4,public,49.6,52.5,74.9,17.7,37.5,46,47.9
167,Case Western Reserve University,United States,M,FC,VH,5,private,19.9,17.1,92,65.8,53.7,73.9,47.8
  167,Universit� Catholique de Louvain (UCL),Belgium,L,FC,VH,3,private,51.3,45.5,10.4,68.4,89,44.7,47.7
  167,University of Florida,United States,XL,FC,VH,5,public,50.9,48.3,74,29.6,18.7,13,47.7
  169,Eberhard Karls Universit�t T�bingen,Germany,L,FC,VH,5,public,46.3,25.7,89.4,17.8,59.7,32.1,47.3
  169,Universit�t Freiburg,Germany,L,FC,VH,5,public,53,24.4,38.6,50.6,64.9,48.3,47.3
  170,University of Rochester,United States,M,FC,VH,5,private,25,7.4,100,42.4,67.3,90.6,47.3
172,University of Bath,United Kingdom,L,CO,VH,4,public,36.9,63,25.6,56,98.2,90.7,47
  173,National Tsing Hua University,Taiwan,L,CO,VH,4,public,47.5,59.6,32.2,65.8,24.6,18,46.8
  173,Queen's University of Belfast,United Kingdom,L,FC,VH,5,public,28.9,36,43.5,64.9,99.5,96.5,46.8
  173,University of Waterloo,Canada,XL,CO,VH,4,public,39.3,76.5,7.6,68.5,77.6,84.1,46.8
176,University of Otago,New Zealand,L,FC,VH,5,public,51.7,41.4,19.6,48.2,100,62.9,46.7
  177,Scuola Superiore Sant'Anna Pisa,Italy,S,FC,VH,3,,14.6,8,86.2,99.3,2.1,52.5,46.6
  177,Universit� di Bologna (UNIBO),Italy,XL,FC,VH,5,public,74.7,46.3,6,46.8,14,13.5,46.6
  179,Technische Universit�t Dresden,Germany,XL,FC,VH,5,public,35.8,69.7,84.6,21.3,38.5,37.5,46.4
181,University of Liverpool,United Kingdom,L,FC,VH,5,public,42.2,32.9,50.5,34.4,86.5,93.4,46.3
182,Indian Institute of Technology Delhi (IITD),India,M,CO,VH,4,public,46.8,63,23.3,80.6,3.3,1.5,46.2
183,Erasmus University Rotterdam,Netherlands,L,FO,VH,5,public,35.2,53.5,42.6,53.7,75.3,68.9,46.1
184,Indian Institute of Science (IISc) Bangalore,India,S,SP,VH,5,public,33.3,16.2,53.2,100,1.5,1.8,45.9
185,University College Dublin (UCD),Ireland,L,FC,VH,5,public,46,42.6,31.2,42.4,97.6,64.4,45.6
  186,King Abdul Aziz University (KAU),Saudi Arabia,XL,FC,VH,4,public,28.5,36.8,71.3,38.6,99,60.6,45.2
  186,University of Twente,Netherlands,M,FO,VH,4,public,21.1,35.1,39.8,81.2,94.4,83,45.2
188,Universitat Aut�noma de Barcelona,Spain,XL,FC,VH,4,public,61.1,38.4,14.1,54.7,30.7,26.6,45.1
  189,Texas A&M University,United States,XL,FC,VH,5,public,60.9,59.7,13.5,50.6,20.3,12.7,45
  189,Universidad de Chile,Chile,XL,FC,VH,5,public,71.6,90.8,16.3,14.5,10.1,8.4,45
191,Stockholm University,Sweden,L,CO,VH,5,public,54.7,16.8,34.7,46.2,82.3,15.7,44.8
  192,Technische Universit�t Wien,Austria,M,FO,VH,5,public,32.9,57.7,8.6,78.7,75,87.6,44.7
  192,Universidad Aut�noma de Madrid,Spain,L,FC,VH,4,public,57.4,64,45.8,24,9.9,14.1,44.7
194,University of Aberdeen,United Kingdom,L,FC,VH,5,public,29.5,23.2,39.6,63.6,95.7,98.2,44.6
195,Vrije Universiteit Brussel (VUB),Belgium,M,FC,VH,5,public,25.9,24.7,90,29.7,85.9,65,44.5
197,Georg-August-Universit�t G�ttingen,Germany,XL,FC,VH,5,public,51.2,19,66.1,24.1,45.1,26.6,44.2
  198,University of Cape Town,South Africa,L,FC,VH,5,public,47.5,47.6,28.3,44.4,71.3,40.9,44.1
  198,University of Virginia,United States,L,FC,VH,5,public,39.2,46.6,64.3,46.1,14.6,15.8,44.1
  200,Keio University,Japan,XL,FC,VH,5,private,51.4,77.2,62.2,9.4,13.2,11.3,44
  200,King Fahd University of Petroleum & Minerals (KFUPM),Saudi Arabia,M,CO,VH,4,public,26.8,20.1,85.2,40.1,100,21.8,44
  200,Vanderbilt University,United States,L,FC,VH,5,private,28.2,25.4,100,36,23.7,32.8,44
202,Waseda University,Japan,XL,CO,VH,5,private,58.6,86.9,32.2,7.9,31.6,35.8,43.7
203,Sapienza - Universit� di Roma,Italy,XL,FC,VH,5,public,72.9,33.3,5.7,43.8,10.1,8.5,43.5
204,Scuola Normale Superiore di Pisa,Italy,S,FO,VH,,,22.4,7.3,100,57.7,19.7,21.1,43.4
205,University of Reading,United Kingdom,L,CO,VH,5,public,33.2,34.9,32.7,53.4,94,88.9,43.3
206,University of Colorado at Boulder,United States,XL,CO,VH,5,public,37.9,25.5,63.3,50.4,37.2,14.1,43.2
  207,Al-Farabi Kazakh National University,Kazakhstan,L,CO,HI,4,public,34,60.7,98.6,1.2,40.8,26.1,43.1
  207,Dartmouth College,United States,M,FC,VH,5,private,20.8,28.9,76.8,71.5,5.8,35.1,43.1
  207,University of Newcastle,Australia,L,FC,VH,4,public,34.1,31,32.8,57.4,100,63.4,43.1
210,University of Notre Dame,United States,L,CO,VH,5,private,29.8,42.6,67.3,49.8,43.1,20.6,42.9
211,Western University,Canada,L,FC,VH,5,public,30.4,65.7,9.1,73.5,98.4,50.1,42.8
  212,Universidad Complutense de Madrid (UCM),Spain,XL,FC,VH,5,public,64.6,71.6,26.6,14.5,3.6,24.1,42.7
  212,University of Wollongong,Australia,L,FC,VH,3,public,31,34.3,21.6,66.9,93.4,86.4,42.7
214,Universidade Estadual de Campinas (Unicamp),Brazil,L,FC,VH,4,public,67.5,34.5,21.1,32.7,9.9,4.3,42.1
  215,Arizona State University,United States,XL,CO,VH,5,public,42,29.9,12.2,67.9,64.1,56.6,42
  215,Victoria University of Wellington,New Zealand,L,CO,VH,5,public,47,36,13.4,44.3,99.3,59.2,42
  217,Radboud University Nijmegen,Netherlands,L,FC,VH,4,public,31.1,15.3,39.4,76.7,54.4,26.2,41.4
  217,Universiti Teknologi Malaysia (UTM),Malaysia,L,CO,VH,3,public,33.9,45,73.3,22.7,27.3,53.7,41.4
  219,Tel Aviv University,Israel,L,FC,VH,4,public,35.4,40.5,7.8,95.4,35.2,11.8,41.3
  219,"University of California, Irvine (UCI)",United States,XL,FC,VH,4,public,45.3,16.7,16.9,64.4,37.4,65.6,41.3
  219,Vrije Universiteit Amsterdam,Netherlands,L,FC,VH,5,public,41.7,16.8,49.1,47.7,47.3,21.7,41.3
222,Loughborough University,United Kingdom,L,FO,VH,4,public,30,63.3,34.4,40.4,82.8,72.1,41.2
223,University of Antwerp,Belgium,L,FC,VH,3,public,23.9,19.3,85.3,32.9,71.3,41.3,40.9
224,Queensland University of Technology (QUT),Australia,XL,CO,VH,3,public,42.8,46.9,10.1,45.9,98.9,52.6,40.7
  224,TELECOM ParisTech,France,S,SP,HI,1,,4.7,43.2,95.1,28.2,95,99.7,40.7
225,National Cheng Kung University,Taiwan,L,FC,VH,4,public,40.8,53.4,42.5,39.7,17.7,26.4,40.4
226,Georgetown University,United States,L,FC,VH,5,private,34.2,42.8,67.6,26.7,16.6,47.3,40.1
  227,National Chiao Tung University,Taiwan,M,CO,VH,5,public,28.9,52.1,45.8,54.6,29.1,31.5,40
  227,Universit�t Hamburg,Germany,XL,FC,VH,5,public,47.7,15.5,41,38.4,45.3,22.6,40
  227,University of Canterbury,New Zealand,L,CO,VH,5,public,38.8,43.8,13,45.9,100,64.6,40
230,Curtin University,Australia,L,CO,VH,3,public,32.4,47.3,19.5,52.7,100,51.8,39.9
  231,Novosibirsk State University,Russia,M,CO,VH,4,public,30,26.4,93.8,16.4,11.6,49.1,39.8
  231,"University of Illinois, Chicago (UIC)",United States,L,FC,VH,5,public,46.4,33.7,43.6,36.4,12.7,22.6,39.8
233,University of Calgary,Canada,XL,FC,VH,4,public,34.1,39,30.6,43.2,84.5,61.2,39.7
  234,Saint-Petersburg State University,Russia,L,FC,VH,5,public,38.6,31.3,87.9,6,6.9,35.8,39.6
  234,Universidad de Los Andes Colombia,Colombia,L,FC,HI,4,private,54.4,87.9,27.6,8.1,32.1,3.1,39.6
  234,Universit� degli Studi di Padova (UNIPD),Italy,XL,FC,VH,5,public,55.1,38.7,13.3,49.8,12.5,6.1,39.6
237,Macquarie University,Australia,L,FC,VH,4,public,30.6,47.3,23.6,40.5,96.5,95.8,39.5
238,RMIT University,Australia,XL,CO,VH,3,public,37.1,63.1,12.3,29.2,100,93.2,39.2
  239,Maastricht University,Netherlands,L,CO,VH,3,public,22.1,22.1,24.6,65.1,97.4,100,39
  239,Queen's University,Canada,L,FC,VH,5,public,36.2,69.9,8.7,53.5,72.8,25.4,39
  239,University of Leicester,United Kingdom,L,FC,VH,4,public,24.6,18.5,44.5,48.5,83.1,89.1,39
242,Sciences Po Paris,France,M,SP,VH,5,public,22.3,32.6,89.1,5.1,56,99.2,38.9
243,Rheinische Friedrich-Wilhelms-Universit�t Bonn,Germany,XL,FC,VH,5,public,49.6,16.7,46.6,22.3,40.9,26.4,38.8
244,American University of Beirut (AUB),Lebanon,M,FC,VH,5,private,24.6,52.9,63.1,15.2,90.2,64.6,38.7
245,Universidad de Navarra,Spain,M,FC,VH,4,private,31,75.1,44.1,25.8,21.6,68.1,38.5
246,University of Sussex,United Kingdom,L,FC,HI,4,public,28.7,11,29.3,51.2,96.9,95.6,38.4
  247,Chulalongkorn University,Thailand,XL,FC,HI,5,public,62.4,56.5,25.6,8.5,11.5,2.5,38.3
  247,Kyung Hee University,South Korea,L,FC,VH,4,private,27.1,32.4,87.8,18.4,15.2,41.1,38.3
250,Ecole des Ponts ParisTech,France,S,FO,VH,5,public,8.7,53.9,92.1,20.2,27.1,99.7,37.8
  251,National Taiwan University of Science and Technology,Taiwan,M,FO,VH,3,public,24.4,30.6,64.2,43.6,24.3,36.7,37.6
  251,Universit� Libre de Bruxelles (ULB),Belgium,L,FC,VH,5,public,33.8,58.6,11,38,71.3,95.5,37.6
  253,Tufts University,United States,M,FC,VH,5,private,20.2,9.8,78.9,45.7,29.4,38.5,37.5
  253,Universidad Nacional de Colombia,Colombia,XL,FC,HI,5,public,61.5,89.7,11.1,5.3,8.3,1.3,37.5
  253,University of Paris,France,XL,,,1,,48.5,7.6,33.5,46.1,19.1,7.5,37.5
256,University of Gothenburg,Sweden,L,FC,VH,5,public,37.7,12.2,57.1,32,43.7,17.6,37.3
  257,Technion - Israel Institute of Technology,Israel,L,FC,VH,5,public,28.4,34.7,24.6,69.5,64,3.8,37.2
  257,Wuhan University,China,XL,FC,VH,5,public,38,51.3,21.7,46.5,50.7,10.7,37.2
259,"National University of Ireland, Galway (NUIG)",Ireland,L,FC,HI,5,public,22.4,24.4,73.7,16.1,90.9,61.1,37.1
260,Technische Universit�t Darmstadt,Germany,L,FO,VH,5,public,20,71.1,6.5,72.9,51.9,65,37
261,Hong Kong Baptist University (HKBU),Hong Kong,M,FC,VH,3,public,18.6,15.4,41.5,49.8,99.9,90.4,36.9
  262,"Rutgers - The State University of New Jersey, New Brunswick",United States,XL,CO,VH,5,public,39.4,32,49.3,23.3,27.1,36.6,36.8
  262,Universit� Paris-Sud 11,France,L,CO,VH,5,public,27.1,13,80.4,21.3,42.9,40.3,36.8
  262,University of Arizona,United States,XL,FC,VH,5,public,41.9,20.1,37.6,41.9,21.7,17.5,36.8
265,Tongji University,China,XL,FC,VH,5,public,32.2,9.6,26.2,58.4,89.1,27.9,36.7
  266,Universit�t Innsbruck,Austria,L,FC,HI,5,public,20.4,19.9,66.1,16,98.4,99.3,36.6
  266,University of Waikato,New Zealand,M,CO,VH,4,public,19.7,17.8,14.9,75.3,97.8,78.3,36.6
  268,Khalifa University,United Arab Emirates,S,SP,VH,2,public,9.3,9.7,77.3,42.2,100,55.6,36.5
  268,Tomsk State University,Russia,M,CO,VH,5,public,20.5,17.3,99.8,4.5,23.4,88.9,36.5
270,University of Tsukuba,Japan,L,FC,VH,3,public,35,13.1,70.3,22.3,16,30.4,36.3
  271,Deakin University,Australia,XL,FC,VH,3,public,30.1,44.2,6.4,47.6,97.1,77,36.1
  271,Indian Institute of Technology Madras (IITM),India,M,CO,VH,4,public,35.3,47.3,28,56.4,3.4,1.6,36.1
  271,University of Miami,United States,L,FC,VH,4,private,22.2,23.8,62.7,49.2,7.6,39.4,36.1
  274,University of South Australia (UniSA),Australia,L,CO,VH,3,public,25.1,19.9,27.5,51.9,100,58.2,35.9
  274,University of Surrey,United Kingdom,L,CO,VH,4,public,22.5,29.3,25.4,45.3,96.6,97,35.9
276,Qatar University,Qatar,M,FC,VH,3,public,16.9,28.3,66.4,14.3,100,98.3,35.8
  277,Beijing Normal University,China,L,CO,VH,5,public,39,12.3,31.2,48.6,23.6,31.4,35.7
  277,Harbin Institute of Technology,China,XL,FO,VH,4,public,21.8,7.3,52.6,72.9,10.8,10,35.7
279,Universit�t Stuttgart,Germany,L,CO,VH,5,public,26,55,8.2,65.9,34.2,61.2,35.6
280,Dalhousie University,Canada,L,FC,VH,5,public,19.1,19.1,23.7,61.8,100,73.4,35.4
  281,Indian Institute of Technology Kharagpur (IITKGP),India,M,FO,VH,4,public,26.6,41.1,21.6,78.4,5.3,1,35.2
  281,King Saud University (KSU),Saudi Arabia,XL,FC,VH,4,public,28.3,16.8,69,15.9,91.5,11.3,35.2
  281,University of Ottawa,Canada,XL,FC,VH,5,public,25.2,37.2,7.6,62,91.3,56.7,35.2
284,Bauman Moscow State Technical University,Russia,L,CO,HI,5,public,21,53.4,100,1.2,8.5,12.4,35.1
  285,North Carolina State University,United States,XL,CO,VH,5,public,32,19.7,30.3,47.8,60.7,29.1,35
  285,Universitat Pompeu Fabra,Spain,M,CO,VH,3,public,31.6,30.9,17.3,55.6,66.3,25.8,35
  287,Massey University,New Zealand,M,CO,VH,4,public,29.1,30.7,24.3,27.7,98.6,94.8,34.9
  287,National Yang Ming University,Taiwan,S,FC,VH,3,public,14.4,16.9,99.9,33.2,5.8,7.8,34.9
  287,Sun Yat-sen University,China,XL,FC,VH,4,public,35.3,33.2,49.7,32.2,11.4,7.6,34.9
  287,University of Turku,Finland,L,FC,VH,4,public,26.1,41.4,60,32.9,27.2,5.7,34.9
  291,Charles University,Czech Republic,XL,FC,VH,5,public,41.6,37.5,43.2,11.7,19.4,46.6,34.8
  291,Indian Institute of Technology Kanpur (IITK),India,M,CO,VH,4,public,29.9,32.4,14.1,82.3,1.9,1.3,34.8
  291,Royal Holloway University of London,United Kingdom,M,CO,VH,5,public,18.6,12.4,26.8,55,98,95.2,34.8
  291,Universit�t Frankfurt am Main,Germany,XL,FC,VH,5,public,49.9,36.8,23.7,19,15.8,33.5,34.8
  291,University of Tasmania,Australia,L,CO,VH,5,public,21,10.1,21.1,58.6,90.8,96.2,34.8
  296,University of Indonesia,Indonesia,XL,FC,HI,5,public,39.5,47.3,43.4,1.9,94.5,5,34.7
  296,University of Strathclyde,United Kingdom,L,CO,VH,4,public,26.1,47.5,26.4,28.2,94,75.4,34.7
  298,Universidad Carlos III de Madrid,Spain,L,FO,VH,3,public,30.5,51.5,60.7,9.7,36.5,25.2,34.6
  298,Universiti Brunei Darussalam (UBD),Brunei,S,CO,VH,3,public,13.4,6.2,94.9,6.2,100,66.2,34.6
300,Universitat Polit�cnica de Catalunya,Spain,L,CO,VH,3,public,34.7,35.2,53.1,22.1,10.4,28.8,34.5
301,University of Tartu,Estonia,M,FC,VH,5,public,23.7,21.9,82.7,17.8,27.2,23.3,34.4
  302,Moscow Institute of Physics and Technology State University,Russia,M,FO,VH,4,public,14.9,27.8,97.9,11.4,32.7,39.3,34.3
  302,Universit� degli Studi di Milano,Italy,XL,FC,VH,4,public,48.4,23.3,10.7,46.8,10.8,8.3,34.3
  302,University of Dundee,United Kingdom,L,FC,HI,4,public,19.1,10.2,67.2,24.2,86.5,58.3,34.3
  305,Universit� Paris 1 Panth�on-Sorbonne,France,XL,FO,HI,5,public,58.3,48.2,5.5,3.6,21,61.2,34.2
  305,"University of Massachusetts, Amherst",United States,L,CO,VH,5,public,42.1,16.6,18.1,51.3,16.2,18,34.2
307,Xi'an Jiaotong University,China,XL,FC,VH,5,public,24.8,28.4,43.8,54,20.9,11.6,34.1
308,Universit�t K�ln,Germany,XL,FC,VH,5,public,38.2,42.9,28.6,20.4,53.2,37.7,34
309,"SOAS - School of Oriental and African Studies, University of London",United Kingdom,S,SP,VH,5,public,22.6,11.8,47.5,20.3,100,100,33.9
310,University College Cork (UCC),Ireland,L,FC,VH,5,public,28.8,30,36.1,24.1,93,46.8,33.7
311,Technische Universit�t Graz,Austria,M,FO,VH,,,12.8,11.2,88.4,17.4,67.1,54.5,33.6
  312,ENS Paris-Saclay,France,S,CO,VH,5,public,15.1,8.6,91.4,25.9,29.1,31.8,33.5
  312,Indiana University Bloomington,United States,XL,FC,VH,5,public,40.7,24.5,30.5,25.4,45.3,24.6,33.5
  314,Heriot-Watt University,United Kingdom,M,CO,VH,4,public,15.3,31.5,28.3,43,99.5,95.3,33.4
  314,Mahidol University,Thailand,L,FC,VH,4,public,38.9,33.2,61.4,6.7,8.9,5.9,33.4
  314,Simon Fraser University,Canada,L,CO,VH,4,public,23.7,23,6.4,55.5,91.7,91.5,33.4
  314,Universit�t Mannheim,Germany,M,FO,VH,5,public,18,63.6,6.7,76.2,35.2,27.8,33.4
  314,University of East Anglia (UEA),United Kingdom,L,FC,HI,4,public,19.2,8.8,37.8,47.9,81.2,71.1,33.4
319,Universit�t Erlangen-N�rnberg,Germany,XL,FC,VH,5,public,22.3,19.3,3.4,95.3,27.1,25.4,33.3
  320,Griffith University,Australia,XL,FC,VH,3,public,27.3,23.2,13.2,51.2,98.9,41.1,33.2
  320,Universitas Gadjah Mada,Indonesia,XL,FC,MD,4,public,41.3,36.7,51.3,1.6,42.9,2.5,33.2
  322,Gwangju Institute of Science and Technology (GIST),South Korea,S,FO,VH,3,public,11,3.9,36.8,100,10.1,7.2,33.1
  322,National Research University - Higher School of Economics (HSE),Russia,XL,FO,VH,3,public,22.6,33,94.8,2.1,9.6,16.7,33.1
  324,Aalborg University,Denmark,L,FC,VH,3,public,17.5,32.5,44.7,43.5,69.8,30.8,33
  324,Link�ping University,Sweden,L,CO,VH,4,public,19.7,24.9,40.3,51.5,65.9,17.8,33
326,University of Hawaii at M?�noa,United States,L,FC,VH,5,public,16.6,9.3,59,46.9,61.4,20,32.9
327,Virginia Polytechnic Institute (Virginia Tech),United States,XL,FC,VH,5,public,29.5,36.9,29.9,37.4,43.8,29.3,32.7
328,"Birkbeck College, University of London",United Kingdom,M,FO,VH,5,public,14.4,5.3,22.8,60,96.1,96.9,32.6
  329,"National Research Nuclear University ""MEPhI"" (Moscow Engineering Physics Institute)",Russia,M,FO,VH,4,public,9.8,14.7,97.6,6.7,46.2,74.1,32.4
  329,United Arab Emirates University,United Arab Emirates,M,FC,HI,3,public,20.4,27.2,58.1,11.8,100,48.4,32.4
  331,Bandung Institute of Technology (ITB),Indonesia,L,CO,VH,4,public,39.3,39.8,51.3,3.7,29.2,1.6,32.3
  331,Ewha Womans University,South Korea,L,FC,HI,5,private,22.4,16.5,82.7,13.3,10.5,36.9,32.3
  331,National Taiwan Normal University,Taiwan,M,CO,VH,4,public,28.8,11.4,70.8,11,15.1,49,32.3
334,Hiroshima University,Japan,L,FC,VH,4,public,24.1,9.7,84.1,15.4,13.8,17.1,32.2
335,IE University,Spain,M,CO,LO,2,Other,7.6,49.2,71.8,1.2,88.6,100,32.1
  336,George Washington University,United States,L,FC,VH,5,private,27.6,26.1,36.9,31.9,37.5,53,32
  336,Universidad Politecnica de Valencia,Spain,L,CO,VH,4,public,22.8,17.7,80.8,18.3,5.8,18.8,32
  338,Jagiellonian University,Poland,XL,FC,HI,5,public,33.8,39.5,59.3,6.5,4.8,17.6,31.9
  338,University of Lisbon,Portugal,XL,FC,VH,1,public,40.5,28.1,15.6,38.2,8,32.5,31.9
  340,Ume� University,Sweden,L,FC,VH,4,public,18.5,8.7,81.4,25.2,29.6,13.2,31.8
  340,Universit�t Jena,Germany,L,FC,VH,5,public,18.8,3.7,98,14,,28.6,31.8
  340,Universit�t Ulm,Germany,M,CO,VH,4,public,7.8,7,82.9,37.2,48.8,28.2,31.8
  340,University at Buffalo SUNY,United States,L,FC,VH,5,public,19.1,12.5,9.1,70.4,86.2,52.2,31.8
  344,Northeastern University,United States,L,CO,VH,5,private,18.9,18.2,20.6,45.5,85.3,93.8,31.7
  344,Pontificia Universidad Cat�lica Argentina Santa Mar�a de los Buenos Aires (UCA),Argentina,L,FC,LO,4,private,17.7,44.3,95.3,1.1,2.9,13.2,31.7
346,University of Jyv�skyl�,Finland,M,CO,VH,4,public,17,5.9,87.2,22.1,39.3,5.9,31.6
347,Westf�lische Wilhelms-Universit�t M�nster,Germany,XL,FC,VH,5,public,34.8,31.2,42.2,20,25.8,9.4,31.3
348,Politecnico di Torino,Italy,XL,FO,VH,5,public,32.6,51.5,3.2,53,3.9,30.1,31.2
  349,"City, University of London",United Kingdom,L,CO,VH,5,public,15.5,19.5,11.2,54.2,95.7,98.7,31.1
  349,University of Warsaw,Poland,XL,CO,VH,5,public,40.3,47.1,38.7,6.8,9.2,12,31.1
  351,Belarus State University,Belarus,L,FO,HI,4,public,18,32.4,94.2,1.7,5.5,20.6,31
  351,Universit� Grenoble-Alpes (UGA),France,XL,FC,VH,1,public,44.7,9.3,13.4,33.2,25.1,30.8,31
  353,University of Porto,Portugal,L,FC,VH,5,public,37,24.2,16.1,47.4,5.5,12.7,30.9
  353,University of Utah,United States,L,FC,VH,5,public,16.9,8.1,61.9,45,25.3,12.1,30.9
355,"University of Chemistry and Technology, Prague",Czech Republic,S,FO,VH,5,public,6.5,5.8,97.8,18.2,24.5,62.1,30.8
  356,Lincoln University,New Zealand,S,CO,VH,5,public,8.7,10,44,37.9,95.9,98.8,30.7
  356,University of the Philippines,Philippines,XL,FC,MD,5,public,34.2,39.5,62,2.1,1.8,1.5,30.7
358,Universidade Federal do Rio de Janeiro,Brazil,XL,FC,VH,4,public,53.8,19.6,21.3,11.5,7,2,30.6
  359,Brunel University,United Kingdom,L,CO,VH,4,public,11.6,14.6,15.4,56.6,99.3,97.7,30.5
  359,Norwegian University of Science and Technology,Norway,XL,FC,VH,5,public,30.2,26.3,30.9,26.9,70,12.8,30.5
  359,Stony Brook University,United States,L,FC,VH,4,public,20.9,9.6,35.3,39.7,42.9,79.1,30.5
  359,Tokyo Medical and Dental University,Japan,S,FO,VH,4,public,11.2,5,100,21.8,3.6,16.7,30.5
  359,Yeshiva University,United States,M,FC,VH,5,private,2.6,3.3,99.3,42.9,,11.6,30.5
  364,University of Victoria,Canada,L,CO,VH,4,public,16,10.7,5.9,72.2,92.4,51.1,30.4
  364,Ural Federal University,Russia,L,CO,VH,4,public,17.7,14.6,94,2.1,15.7,34.7,30.4
366,Moscow State Institute of International Relations � MGIMO University,Russia,M,SP,MD,4,public,9.9,25.7,99.9,1.1,15.6,54.7,30.3
367,"University of California, Santa Cruz (UCSC)",United States,L,CO,VH,4,public,19.8,7.9,11.9,79.2,44.8,18.7,30.2
  368,Nankai University,China,L,FC,VH,5,public,22.3,5.4,28.4,63.2,30.9,8,29.8
  368,University of Kent,United Kingdom,L,CO,VH,4,public,20.3,10.4,22.6,36.7,98.2,74.5,29.8
370,University of Essex,United Kingdom,L,CO,HI,4,public,19.3,9,13.2,41.9,99.7,99.4,29.7
371,American University of Sharjah,United Arab Emirates,S,FC,HI,2,private,18.3,35.1,30.2,13.4,100,100,29.6
  371,Tilburg University,Netherlands,M,FO,VH,4,public,15,24.1,12.4,62.5,84.2,38.7,29.6
  372,University of Kansas,United States,L,FC,VH,5,public,15.3,15.6,82.5,18.5,14.7,14.1,29.4
  372,University of Southern Denmark,Denmark,L,FO,VH,4,public,19.3,18.4,39.9,32.2,73.6,33,29.4
374,University of Oulu,Finland,M,FC,VH,4,public,16.2,21.2,45,44.7,43.1,9.2,29.3
375,Pakistan Institute of Engineering and Applied Sciences (PIEAS),Pakistan,S,FO,VH,2,public,5.4,4.6,96.4,36.2,,,29.2
376,Oxford Brookes University,United Kingdom,L,CO,HI,3,public,26.7,57.8,15.5,13.9,61.7,72.1,29.1
  377,James Cook University (JCU),Australia,L,FC,HI,3,public,15,11.8,9.6,56.1,94,77.9,29
  377,University of Connecticut,United States,L,FC,VH,5,public,15.9,9.2,15,69.8,65.4,27.5,29
  379,Sultan Qaboos University,Oman,M,FC,HI,3,public,12.1,14.8,74.5,11.2,100,7.6,28.9
  379,Taipei Medical University,Taiwan,M,FO,VH,4,private,9.6,12.3,87,21.6,22.1,18.8,28.9
  379,Universit� de Strasbourg,France,XL,FC,HI,2,public,44.3,6.7,8.2,23.4,39.5,42.7,28.9
  379,Universiti Teknologi Brunei,Brunei,S,FO,HI,3,public,9.7,9.8,85.3,5.5,99.2,16.9,28.9
  383,Indian Institute of Technology Roorkee (IITR),India,M,FO,VH,5,public,13.7,19.6,11.7,93.8,,3,28.8
  383,Rensselaer Polytechnic Institute,United States,M,CO,VH,5,private,10.1,8.5,30.2,66.1,38.2,51.9,28.8
  383,Swinburne University of Technology,Australia,L,CO,VH,3,public,14.3,20.2,19.5,38,98.3,91.2,28.8
  383,Universidad de Palermo,Argentina,M,FO,MD,3,private,9.8,9.6,84.6,1.2,35.1,97.5,28.8
  387,Tomsk Polytechnic University,Russia,M,FO,VH,5,public,9,14.6,88.3,4.8,13.4,85,28.7
  387,University of Macau,Macau,M,FO,VH,3,public,11.2,6.4,24.3,43.9,100,96.2,28.7
  389,Universit� degli Studi di Trento,Italy,L,CO,VH,4,public,25.3,11.7,16.2,60.7,30.6,6.7,28.6
  389,Universit� di Pisa,Italy,XL,FC,VH,5,public,40.7,19.8,11.4,36.6,6.8,5.5,28.6
  389,University of Tromso,Norway,L,FC,HI,4,public,13.6,2.8,81.8,12.1,69.6,10.3,28.6
  392,Kazan Federal University,Russia,L,FO,VH,5,public,18.2,8,82.3,3.5,9.7,53.1,28.5
  392,RUDN University,Russia,L,FC,MD,4,public,10.7,19.1,83.5,1.5,10.7,93.7,28.5
  392,University of Colorado at Denver,United States,L,FC,VH,5,public,8.7,8.7,100,15.9,5,12.3,28.5
  395,Kobe University,Japan,L,FC,VH,4,public,24.6,27.4,58.3,15.4,10.2,9,28.4
  395,Tampere University,Finland,L,,,1,,24.8,30.7,29,38.1,29.2,8.6,28.4
  395,The American University in Cairo,Egypt,M,CO,HI,5,private,24.6,37.4,43.7,5.7,93.9,3.8,28.4
  398,University of St Gallen (HSG),Switzerland,M,SP,VH,5,public,9.7,66.4,8.1,31.8,100,93.5,28.3
  398,Wake Forest University,United States,M,FC,VH,5,private,5.9,7.8,100,19.6,7.4,16.2,28.3
  400,Huazhong University of Science and Technology,China,XL,FC,VH,4,public,19.2,23.4,17.3,68.1,12.7,6.6,28.2
  400,La Trobe University,Australia,L,CO,VH,4,public,19.8,22,8.4,33.2,97.7,95.9,28.2
  400,National University of Sciences and Technology (NUST) Islamabad,Pakistan,M,CO,VH,3,public,16.4,39.4,76.6,9.2,3.7,5.4,28.2
  400,Universidad Austral,Argentina,S,CO,MD,3,private,15.6,36.9,84.4,1.9,6.1,12.2,28.2
  400,University of The Witwatersrand,South Africa,L,FC,VH,5,public,24.9,36.9,11.7,37.4,83.5,10,28.2
  400,Washington State University,United States,L,FC,VH,5,public,28.4,23.4,18.5,35.6,62,10.6,28.2
406,University of Coimbra,Portugal,L,FC,VH,5,public,30.1,13.1,19,37.1,12.4,57.2,28.1
  407,HUFS � Hankuk (Korea) University of Foreign Studies,South Korea,L,CO,HI,4,private,12.2,20.1,82.7,2.2,40.3,40.9,28
  407,Sharif University of Technology,Iran,M,FO,VH,4,public,11.8,23.7,14.2,88.3,5.2,2,28
  407,University of Tennessee,United States,L,FC,VH,5,public,12.1,28.1,19.3,79.3,5.7,4.5,28
  410,Johannes Gutenberg Universit�t Mainz,Germany,XL,FC,VH,5,public,21.8,11.1,54.7,20.9,34.5,22.8,27.9
  410,National Sun Yat-sen University,Taiwan,M,CO,VH,3,public,24.7,19.4,36.5,37.6,15.6,8.6,27.9
  412,Chung-Ang University,South Korea,L,FC,HI,5,private,14.1,21.1,77.3,11,16.5,29.6,27.8
  412,Johannes Kepler Universit�t Linz (JKU),Austria,M,CO,VH,4,public,11.2,29.1,52,25.2,77.4,20.6,27.8
  412,Shanghai University,China,XL,CO,VH,3,public,25,6.4,54.9,17.6,46.3,5.2,27.8
416,Laval University,Canada,L,FC,VH,5,public,21.3,21.3,30.7,29.6,69.1,28.7,27.7
417,"Goldsmiths, University of London",United Kingdom,M,FO,VH,5,public,20.5,7.9,20.3,26.5,86.6,95.7,27.6
418,L.N. Gumilyov Eurasian National University,Kazakhstan,L,FO,HI,2,public,12.9,14.8,93,1.4,32.3,6.1,27.5
  419,Ben Gurion University of The Negev,Israel,L,FC,VH,4,public,16.4,19.1,18.2,53.3,70.1,21.3,27.4
  419,Tulane University,United States,M,FC,VH,5,private,10.6,5.1,85.7,17.2,17.6,22.1,27.4
  421,Illinois Institute of Technology,United States,M,CO,VH,5,private,17,7.4,16.1,51.7,23.1,100,27.3
  421,Universidade Nova de Lisboa,Portugal,L,FC,VH,3,public,26.9,27.8,28.2,22.4,26.7,43.8,27.3
  421,University of Iowa,United States,L,FC,VH,5,public,22.4,13,43.2,32.9,16.9,17,27.3
  424,Flinders University,Australia,L,FC,HI,4,public,14.3,8.8,8.6,48.9,91.4,88.1,27.2
  424,Universit� degli Studi di Napoli Federico II,Italy,XL,FC,VH,5,public,31.6,15.4,6,57.4,3.1,1.1,27.2
  424,Universit�t Konstanz,Germany,M,CO,VH,4,public,24.2,8.5,37.6,24.2,56.7,27.5,27.2
  427,National Central University,Taiwan,M,CO,VH,4,public,23,19.5,32.8,36.3,20.7,20.3,27.1
  427,Stellenbosch University,South Africa,L,FC,VH,5,public,25.9,31,4.5,50.6,38.2,11.6,27.1
  429,Dublin City University (DCU),Ireland,L,CO,HI,3,public,16.8,25.9,39.1,16.2,79.6,51,27
  429,Tianjin University,China,XL,CO,VH,5,public,17.9,3.5,21.5,71.6,9,6.2,27
  429,University of Liege,Belgium,L,FC,VH,5,public,18.5,25.5,25.3,33.5,45.9,57.8,27
  432,Boston College,United States,L,CO,HI,5,private,22.9,21.1,37.5,23.6,43.6,19.5,26.7
  432,Ruhr-Universit�t Bochum,Germany,XL,FC,VH,4,public,22.8,16.7,2.5,59.6,34.3,33.8,26.7
  432,Universidad de Zaragoza,Spain,L,FC,VH,5,public,19.2,9.9,74.8,12,4.8,6.1,26.7
435,Universidad Polit�cnica de Madrid,Spain,XL,SP,VH,3,public,27.6,61.2,23.9,12.7,3.7,34.8,26.5
  436,Beijing Institute of Technology,China,L,FO,VH,4,public,20.9,7,35.1,47.9,5,8.1,26.4
  436,ITMO University,Russia,M,FO,VH,5,public,9.8,13.7,83.3,6.3,18.3,44.1,26.4
438,Universidad de Belgrano,Argentina,M,CO,LO,4,private,7.7,19,89.2,1.1,6.9,55.8,26.3
  439,Peter the Great St.Petersburg Polytechnic University,Russia,L,FO,VH,5,public,10.5,10.5,77.2,3.3,16.8,78.1,26.2
  439,Universidade Federal de S�o Paulo (UNIFESP),Brazil,L,FC,VH,4,public,11.7,5.1,93,10,5.5,1.8,26.2
  439,University of Saskatchewan,Canada,L,FC,VH,5,public,11.5,10.2,31.3,39.3,73.5,53.6,26.2
  442,Aston University,United Kingdom,L,CO,HI,4,public,10.9,41.9,13.2,35.7,97.3,54.4,26
  442,Auckland University of Technology,New Zealand,L,CO,HI,2,public,19.6,25.9,14.7,12.8,99.5,100,26
  442,Bond University,Australia,S,FC,HI,3,private,4.1,8.4,47.3,20.3,98.6,99.1,26
  442,Chiba University,Japan,L,FC,VH,5,public,14.6,4.9,79.8,14.7,8.5,6.1,26
  442,Colorado State University,United States,L,CO,VH,5,public,18.2,20.8,46,26.7,30.9,8.5,26
  442,UCSI University,Malaysia,M,CO,MD,3,Other,10,35.1,57.6,3.6,41.7,81.1,26
  448,Florida State University,United States,XL,FC,VH,5,public,26.9,43.3,12,35.4,17.8,5.7,25.8
  448,Hitotsubashi University,Japan,M,SP,HI,5,public,21.2,66.8,35.9,4.3,29.2,21.5,25.8
  448,Universit� degli Studi di Firenze (UNIFI),Italy,XL,FC,VH,4,public,34.2,6.2,10.6,39.2,8.5,20.3,25.8
  451,Ko� University,Turkey,M,CO,VH,3,private,16.3,31.4,49.8,18.4,39.9,6.7,25.7
  451,"National University of Science and Technology ""MISIS""",Russia,M,CO,VH,4,public,9.3,16.5,74.1,7.3,11,68.1,25.7
  451,Xiamen University,China,XL,FC,VH,4,public,26.1,4,26.5,44.1,7.6,4.5,25.7
  454,Dongguk University,South Korea,L,FC,HI,5,private,10.4,7,82,9.1,14.4,35.1,25.6
  454,National Technical University of Athens,Greece,L,FO,VH,5,public,18.7,45,9,56.3,1.6,7.3,25.6
  454,Sogang University,South Korea,M,CO,VH,4,private,18.6,34.1,51.9,13,11.8,21,25.6
  454,"University of California, Riverside (UCR)",United States,L,FC,VH,4,public,16.9,12.4,16.6,57.3,44.8,9.9,25.6
  458,Universit� de Bordeaux,France,XL,FO,VH,1,public,32.7,5.7,28.9,6.5,51.4,41.6,25.5
  458,Vilnius University,Lithuania,L,FC,HI,5,public,18.6,22.9,69.5,5.2,9.2,6.1,25.5
460,"University of Maryland, Baltimore County",United States,M,FC,VH,4,public,10.3,5.4,12.6,83.7,14.9,13.3,25.4
461,Oregon State University,United States,L,CO,VH,5,public,17.9,7.9,29.6,37.6,56.3,21,25.3
  462,Beihang University,China,L,CO,VH,4,public,15.5,6,31.8,55.8,10.1,6.2,25.2
  462,Concordia University,Canada,XL,CO,VH,3,public,15.3,36.2,5.4,28,84.4,89.6,25.2
  462,Julius-Maximilians-Universit�t W�rzburg,Germany,L,FC,VH,5,public,15.8,6,10,66,47.9,12.7,25.2
  462,Swansea University,United Kingdom,L,FC,HI,4,public,12.9,12.9,33.8,25.9,73.9,61,25.2
  462,The Catholic University of Korea,South Korea,M,FC,VH,5,private,4.7,1.9,96.5,17.1,3.2,4.3,25.2
  462,University of Science and Technology Beijing,China,L,CO,VH,4,public,19.2,5,17,65.6,4.5,4.1,25.2
  468,Brandeis University,United States,M,CO,VH,4,private,11.7,11,41.2,27.3,29.6,80.9,25.1
  468,Pontificia Universidad Javeriana,Colombia,L,FC,MD,5,private,34,70.6,17,2.5,6.5,2,25.1
  468,Shandong University,China,XL,FC,VH,5,public,16.4,10.4,27.5,55.7,9.3,5.5,25.1
  468,Universit�t des Saarlandes,Germany,L,FC,HI,4,public,11.9,5.8,57.9,18.4,40.8,47.3,25.1
  468,Western Sydney University,Australia,XL,FC,HI,3,public,18.3,25.9,8.7,28.3,100,55.1,25.1
  468,Yokohama City University,Japan,S,CO,VH,5,public,6,2.4,99.9,10,4.6,2.6,25.1
  474,Pontificia Universidad Cat�lica del Per�,Peru,L,FO,HI,5,private,36.5,56.3,19.2,1.7,7,2.3,25
  474,The University of Georgia,United States,XL,FC,VH,5,public,24.5,26.3,16.1,36.6,32.1,6.6,25
  474,University of Delhi,India,L,FC,HI,4,public,37.1,43.7,12.1,15.6,1.7,1.8,25
477,Singapore Management University,Singapore,M,SP,HI,2,public,14.5,25.8,15.7,24.3,100,67.8,24.9
  478,Christian-Albrechts-Universit�t zu Kiel,Germany,L,FC,VH,5,public,18,4.7,55.1,24.1,11.6,12.7,24.8
  478,University of Stirling,United Kingdom,M,CO,VH,4,public,10.6,10.6,21.1,40.7,75.9,65.3,24.8
  480,South China University of Technology,China,XL,CO,VH,4,public,12.1,3.9,21.2,71.3,13.5,4.3,24.7
  480,Universidad Externado de Colombia,Colombia,L,CO,LO,5,private,8.9,39,79.8,1,16.9,2.2,24.7
  482,"Universidade Estadual Paulista ""J�lio de Mesquita Filho""",Brazil,XL,FC,VH,3,public,31.2,15.5,35.5,14.7,5.9,2.2,24.6
  482,Universiti Teknologi Petronas (Petronas),Malaysia,M,SP,VH,2,private,12.6,26.2,35.5,20.9,82.2,30.1,24.6
  484,Aberystwyth University,United Kingdom,M,CO,VH,5,public,9.9,6,28,42.1,59.8,57.3,24.5
  484,Chang Gung University,Taiwan,M,FO,VH,3,private,3.8,4.5,59.3,50.2,3.7,8.1,24.5
  484,Jilin University,China,XL,FC,VH,4,public,16.6,12.6,53.1,25.2,13.9,3,24.5
  484,University of Canberra,Australia,M,CO,VH,3,public,15.5,12.6,5.2,38.7,95.5,68.7,24.5
  484,Wayne State University,United States,L,FC,VH,5,public,9.8,3.8,72.6,20.1,18.5,13.3,24.5
  489,Amirkabir University of Technology,Iran,M,FO,VH,4,public,4.7,15,7.4,94.9,7,2.6,24.4
  489,Universidad de Santiago de Chile (USACH),Chile,L,FC,MD,5,public,35.6,60.2,13.1,4.7,8.2,2.2,24.4
  491,Indian Institute of Technology Guwahati (IITG),India,M,CO,VH,3,public,11.7,15.2,18.7,71.2,,1.5,24.3
  491,Lappeenranta University of Technology,Finland,S,,,,public,6.6,17.2,23.6,56.3,49.4,28.6,24.3
  491,M.O.Auezov South Kazakhstan State University,Kazakhstan,L,CO,MD,4,public,7,6.1,94.1,1,17.1,17.7,24.3
  491,Universidad de Montevideo,Uruguay,S,FC,LO,2,private,13.4,17.3,79.1,1.3,18.1,3.7,24.3
  491,Universit� Aix-Marseille,France,XL,FC,VH,1,public,33.9,4.9,13.5,25,23.6,26.6,24.3
  491,University of Delaware,United States,L,CO,VH,5,public,11,10.2,11.6,67.1,39.3,22.5,24.3
  491,V.N. Karazin Kharkiv National University,Ukraine,L,FC,MD,5,public,10.8,11.4,72.2,1.8,1.3,78.4,24.3
  498,Czech Technical University In Prague,Czech Republic,L,SP,VH,5,public,18.7,39.7,33.9,10.6,18.2,57.5,24.2
  498,Universit� de Montpellier,France,XL,CO,VH,1,public,20.3,18.8,13.1,42.8,20.1,39.3,24.2
  498,University of Eastern Finland,Finland,M,CO,VH,3,public,14.5,10.5,43.8,33.5,27.9,9.1,24.2
501-510,Bilkent University,Turkey,M,CO,VH,3,private,20,28.8,-,24,58.6,14.9,23.5 - 24.1
501-510,Institut National des Sciences Appliqu�es de Lyon (INSA),France,M,FO,VH,4,public,-,25.7,46.9,-,40.5,84,23.5 - 24.1
501-510,King Khalid University,Saudi Arabia,XL,FC,MD,2,public,-,-,72.5,-,100,23.2,23.5 - 24.1
501-510,Southeast University,China,XL,FC,VH,5,public,-,-,39.7,50,-,-,23.5 - 24.1
501-510,Umm Al-Qura University (UQU),Saudi Arabia,XL,FC,MD,4,public,-,-,64.1,-,100,22.6,23.5 - 24.1
501-510,Universidad de Alcal�,Spain,L,FC,HI,3,public,-,17.9,55.8,-,24.7,74.3,23.5 - 24.1
501-510,Universidad de la Habana,Cuba,M,CO,HI,5,public,16.5,26.8,68.9,-,-,-,23.5 - 24.1
501-510,University of Johannesburg,South Africa,L,CO,VH,2,public,-,27.3,37.7,-,80.1,38.5,23.5 - 24.1
501-510,University of Szeged,Hungary,L,FC,HI,5,public,17.8,-,53.9,-,-,58.4,23.5 - 24.1
501-510,University of Texas Dallas,United States,L,CO,VH,4,public,-,-,-,52.2,-,66.4,23.5 - 24.1
511-520,Iowa State University,United States,XL,CO,VH,5,public,19.7,-,-,38.3,31.5,19.5,22.9 - 23.4
511-520,Martin-Luther-Universit�t Halle-Wittenberg,Germany,L,FC,HI,5,public,-,-,76.6,-,,-,22.9 - 23.4
511-520,National Taipei University of Technology,Taiwan,M,FO,VH,5,public,-,19.1,38,32,27,18.9,22.9 - 23.4
511-520,Quaid-i-azam University,Pakistan,L,CO,VH,4,public,-,-,-,77.4,-,-,22.9 - 23.4
511-520,Taylor's University,Malaysia,M,FO,HI,1,,-,46,32.3,-,55.4,75.2,22.9 - 23.4
511-520,Universidad de Costa Rica,Costa Rica,XL,CO,HI,4,public,27.5,45.2,35.3,-,,-,22.9 - 23.4
511-520,Universidad de Granada,Spain,XL,FC,VH,5,public,35.8,-,-,21.3,-,21.5,22.9 - 23.4
511-520,Universit� Cattolica del Sacro Cuore,Italy,L,CO,VH,4,private,24.8,39.5,-,19.9,19.5,-,22.9 - 23.4
511-520,Universit� degli Studi di Roma - Tor Vergata,Italy,XL,CO,VH,3,public,31.4,-,-,32.6,-,17.6,22.9 - 23.4
511-520,Universit� Paul Sabatier Toulouse III,France,L,CO,VH,5,public,21.1,-,50.3,-,-,30.9,22.9 - 23.4
511-520,University of Ulsan,South Korea,L,FC,VH,3,private,-,-,67.8,31,-,-,22.9 - 23.4
511-520,York University,Canada,XL,CO,VH,4,public,21.3,31.9,-,19.7,30.4,71.4,22.9 - 23.4
521-530,Bangor University,United Kingdom,M,FC,HI,5,public,-,-,-,51.5,50.4,70.5,22.4 - 22.8
521-530,Cairo University,Egypt,XL,FC,VH,5,public,34.1,44.3,-,-,-,-,22.4 - 22.8
521-530,Inha University,South Korea,L,FC,HI,4,private,-,-,78.3,-,-,-,22.4 - 22.8
521-530,Justus-Liebig-Universit�t Gie�en,Germany,L,FC,HI,5,public,-,-,-,77.1,-,-,22.4 - 22.8
521-530,National Research Saratov State University,Russia,M,CO,HI,5,public,-,-,98.1,-,-,14.9,22.4 - 22.8
521-530,Pusan National University,South Korea,L,FC,VH,4,public,19.8,-,38,21.8,-,-,22.4 - 22.8
521-530,Sabanci University,Turkey,S,FO,VH,3,private,-,21.3,37.2,20.6,45.2,-,22.4 - 22.8
521-530,Technische Universit�t Braunschweig,Germany,L,CO,VH,5,public,-,18.7,65,-,,33.6,22.4 - 22.8
521-530,Universit�t Bremen,Germany,L,CO,VH,3,public,20.6,-,27.1,24.6,41.7,20,22.4 - 22.8
521-530,University of Limerick (UL),Ireland,L,FC,HI,3,public,-,21.6,-,26.9,84,21.8,22.4 - 22.8
521-530,Warsaw University of Technology,Poland,XL,FO,VH,5,public,24.1,56.6,-,-,-,-,22.4 - 22.8
531-540,Clark University,United States,S,CO,VH,5,private,-,-,43.1,37.8,-,64.8,22 - 22.3
531-540,Coventry University,United Kingdom,XL,CO,HI,3,public,-,49.3,-,-,72.4,99.6,22 - 22.3
531-540,East China Normal University,China,L,CO,VH,4,public,-,-,31.9,29.6,60.6,28.7,22 - 22.3
531-540,Far Eastern Federal University,Russia,L,CO,HI,5,public,-,-,79.9,-,18.7,45.8,22 - 22.3
531-540,Kumamoto University,Japan,M,FC,VH,4,public,-,-,81.3,-,-,-,22 - 22.3
531-540,Nagasaki University,Japan,M,CO,VH,4,public,-,-,84.3,-,-,-,22 - 22.3
531-540,Renmin (People�s) University of China,China,L,FO,VH,4,public,25.1,34.2,30.4,-,-,-,22 - 22.3
531-540,Universit�t Leipzig,Germany,L,FC,VH,5,public,24.9,-,39.2,-,-,20.7,22 - 22.3
531-540,Universit� Panth�on-Assas (Paris 2),France,L,SP,MD,5,public,-,-,81.8,-,,27,22 - 22.3
541-550,Abo Akademi University,Finland,M,CO,VH,5,public,-,-,43.8,28.2,43,18.2,21.8 - 21.9
541-550,Imam Abdulrahman Bin Faisal University (IAU) (formerly University of Dammam),Saudi Arabia,L,FC,MD,3,public,-,-,71.5,-,98.3,-,21.8 - 21.9
541-550,Karl-Franzens-Universit�t Graz,Austria,L,CO,VH,5,public,19.8,19.9,-,17.9,53.1,36.6,21.8 - 21.9
541-550,Management and Science University,Malaysia,M,FO,MD,2,,-,23.4,47.3,-,50.6,41.7,21.8 - 21.9
541-550,Southern Federal University,Russia,L,CO,HI,5,public,-,-,86,-,-,15.1,21.8 - 21.9
541-550,Taras Shevchenko National University of Kyiv,Ukraine,L,CO,HI,5,public,16.7,24.9,58,-,-,-,21.8 - 21.9
541-550,Universit� degli Studi di Torino (UNITO),Italy,XL,FC,VH,5,public,29.2,-,-,36.2,-,-,21.8 - 21.9
541-550,Universit�t Bayreuth,Germany,M,CO,VH,3,public,-,-,28.5,34,44.5,26.5,21.8 - 21.9
551-560,Bar-Ilan University,Israel,L,FC,HI,4,public,-,-,-,53.4,73.5,-,21.5 - 21.7
551-560,East China University of Science and Technology,China,L,CO,VH,4,public,-,-,-,66.3,-,-,21.5 - 21.7
551-560,Hallym University,South Korea,M,FC,VH,3,private,-,-,90.8,-,-,-,21.5 - 21.7
551-560,Lehigh University,United States,M,CO,VH,5,private,-,-,35.5,42.1,-,43.2,21.5 - 21.7
551-560,Masaryk University,Czech Republic,L,CO,VH,5,public,21.7,21,-,-,25.2,70.9,21.5 - 21.7
551-560,National Chengchi University,Taiwan,M,CO,HI,4,public,20.2,31.2,29.3,-,-,56.7,21.5 - 21.7
551-560,Osaka City University,Japan,M,FC,HI,5,public,-,-,71.5,-,-,-,21.5 - 21.7
551-560,Universidad Pontificia Bolivariana,Colombia,M,CO,HI,4,private,-,28.1,74.2,-,-,-,21.5 - 21.7
551-560,University of Aveiro,Portugal,L,SP,VH,3,,-,-,-,59.4,,-,21.5 - 21.7
551-560,"University of Missouri, Columbia",United States,L,FC,VH,5,public,16.7,-,39.5,-,34.5,-,21.5 - 21.7
551-560,University of Pretoria,South Africa,XL,FC,HI,5,public,22.1,41,-,21.7,58.3,-,21.5 - 21.7
561-570,Aristotle University of Thessaloniki,Greece,XL,FC,VH,4,public,24.9,27.3,-,33.8,-,17.5,21.1 - 21.4
561-570,Drexel University,United States,L,FC,VH,5,private,-,-,39.6,30.5,23.7,31.8,21.1 - 21.4
561-570,Kazakh National Pedagogical University Abai,Kazakhstan,M,CO,MD,4,public,-,-,74.4,-,41.5,-,21.1 - 21.4
561-570,Kazakh National Technical University after K.I.Satpayev,Kazakhstan,M,FO,HI,4,public,-,20.8,69.3,-,-,-,21.1 - 21.4
561-570,New School University,United States,M,FO,HI,5,private,-,-,57.5,-,-,96.3,21.1 - 21.4
561-570,Okayama University,Japan,L,FC,HI,5,public,-,-,69.6,-,-,-,21.1 - 21.4
561-570,Universidad Anahuac,Mexico,L,CO,MD,4,private,-,36.2,64.9,-,-,-,21.1 - 21.4
561-570,Universit� du Qu�bec,Canada,XL,FC,HI,4,public,23.3,19.2,-,29.4,46.3,15.9,21.1 - 21.4
561-570,Universit� Saint-Joseph de Beyrouth,Lebanon,M,FC,MD,5,private,-,26.4,52.1,-,76.2,-,21.1 - 21.4
561-570,University of Cincinnati,United States,XL,FC,VH,5,public,-,-,35,30.9,-,14.7,21.1 - 21.4
561-570,University of Nebraska,United States,L,CO,VH,5,public,-,-,-,37.6,77.4,26.6,21.1 - 21.4
561-570,University of South Carolina at Columbia,United States,XL,FC,VH,5,public,16.7,19.3,-,31,44.8,-,21.1 - 21.4
571-580,Chonbuk National University,South Korea,L,FC,HI,4,public,-,-,58.6,18.3,-,-,20.8 - 21
571-580,Dalian University of Technology,China,XL,CO,VH,4,public,-,-,-,61.9,-,-,20.8 - 21
571-580,Konkuk University,South Korea,L,FC,HI,4,private,-,-,59.1,-,-,16.2,20.8 - 21
571-580,Murdoch University,Australia,L,CO,HI,3,public,-,-,-,36.4,81.5,44.1,20.8 - 21
571-580,University of Guelph,Canada,L,CO,VH,4,public,-,23,-,40.2,47,-,20.8 - 21
571-580,"University of Massachusetts, Boston",United States,L,CO,VH,5,public,-,-,-,43.1,-,28.2,20.8 - 21
571-580,University of Oklahoma,United States,L,FC,VH,5,public,-,-,41.3,26.5,28,-,20.8 - 21
571-580,University of Vermont,United States,M,FC,VH,5,public,-,-,68.2,22.1,-,-,20.8 - 21
581-590,Howard University,United States,M,FC,HI,5,private,-,-,77.2,-,-,-,20.6 - 20.7
581-590,Kanazawa University,Japan,M,FC,VH,4,public,-,-,63.3,-,-,-,20.6 - 20.7
581-590,Lebanese American University,Lebanon,M,FC,MD,4,private,-,27.7,30.1,-,95.6,49.6,20.6 - 20.7
581-590,Syracuse University,United States,L,CO,VH,5,private,-,22,-,26.3,-,58.6,20.6 - 20.7
581-590,Universit� degli Studi di Pavia (UNIPV),Italy,L,FC,VH,5,public,21.3,-,-,44.8,-,-,20.6 - 20.7
581-590,Universitat de Valencia,Spain,XL,FC,VH,5,public,27.6,-,-,23.2,-,-,20.6 - 20.7
581-590,Universit� de Fribourg,Switzerland,L,FO,VH,,,-,-,-,32,100,51.2,20.6 - 20.7
581-590,University of Balamand,Lebanon,S,CO,HI,3,private,-,-,85.3,-,-,-,20.6 - 20.7
591-600,"Kingston University, London",United Kingdom,L,CO,HI,3,public,-,-,-,-,77,95.7,20.3 - 20.5
591-600,Lingnan University (Hong Kong),Hong Kong,S,SP,HI,5,public,-,-,28.4,18.5,100,51.2,20.3 - 20.5
591-600,Middle East Technical University,Turkey,L,CO,VH,4,public,23.9,46.5,-,19.3,-,-,20.3 - 20.5
591-600,Universidad Nacional de La Plata,Argentina,XL,FC,HI,5,public,31,-,27,-,-,-,20.3 - 20.5
591-600,Universitat Ramon Llull,Spain,L,CO,MD,3,private,-,46.5,-,-,95.8,41.9,20.3 - 20.5
591-600,Universiti Utara Malaysia (UUM),Malaysia,L,SP,VH,3,public,-,-,36.3,-,28.5,75,20.3 - 20.5
591-600,University of Ljubljana,Slovenia,XL,FC,VH,5,public,18.2,-,44.9,-,-,-,20.3 - 20.5
591-600,University of Milano-Bicocca,Italy,XL,CO,VH,2,public,17.7,-,-,55.8,,-,20.3 - 20.5
591-600,University of Mons,Belgium,M,CO,VH,2,private,-,-,-,62.6,30.4,34.8,20.3 - 20.5
591-600,Vilnius Gediminas Technical University,Lithuania,M,SP,HI,4,public,-,26.4,42.3,-,-,36.1,20.3 - 20.5
591-600,University of C�te d'Azur,France,XL,,,1,,-,-,-,29.8,66.2,68.2,20.3 - 20.4
601-650,Ajou University,South Korea,M,FC,VH,3,private,-,-,53.1,21.2,-,-,18.5 - 20.2
601-650,American University,United States,L,CO,HI,5,private,-,20.9,32.4,-,-,25.6,18.5 - 20.2
601-650,American University in Dubai,United Arab Emirates,S,FO,MD,2,private,-,24.9,-,-,100,100,18.5 - 20.2
601-650,Ateneo de Manila University,Philippines,M,FC,MD,5,private,18.4,30.7,35.1,-,-,-,18.5 - 20.2
601-650,Bogor Agricultural University,Indonesia,L,CO,HI,4,public,17.6,-,36.9,-,45.8,-,18.5 - 20.2
601-650,Central Queensland University,Australia,M,CO,HI,3,public,-,-,-,-,96,97.2,18.5 - 20.2
601-650,Chiang Mai University,Thailand,XL,FC,HI,4,public,29.8,22.4,-,-,-,-,18.5 - 20.2
601-650,City University of New York,United States,XL,CO,VH,5,public,29.7,-,-,-,-,-,18.5 - 20.2
601-650,Clarkson University,United States,S,CO,VH,5,private,-,-,26.7,52.2,26.5,-,18.5 - 20.2
601-650,College of William & Mary,United States,M,CO,VH,5,public,-,-,38.3,22.3,-,-,18.5 - 20.2
601-650,Gifu University,Japan,M,FC,HI,4,public,-,-,69.4,-,-,-,18.5 - 20.2
601-650,Holy Spirit University of Kaslik,Lebanon,M,FC,MD,4,public,-,-,45.2,-,98.8,36.8,18.5 - 20.2
601-650,Instituto Tecnol�gico de Buenos Aires (ITBA),Argentina,S,CO,MD,4,private,-,26.7,59.4,-,21.8,17.4,18.5 - 20.2
601-650,Iran University of Science and Technology,Iran,L,FO,VH,4,public,-,-,-,80.2,,-,18.5 - 20.2
601-650,Keele University,United Kingdom,M,FC,HI,4,public,-,-,30.1,24.2,58.2,41.7,18.5 - 20.2
601-650,Kyungpook National University,South Korea,L,FC,VH,4,public,-,-,41.5,-,-,-,18.5 - 20.2
601-650,Lobachevsky State University of Nizhni Novgorod,Russia,L,FO,VH,5,public,-,-,66.2,-,-,16.8,18.5 - 20.2
601-650,Michigan Technological University,United States,M,CO,VH,5,public,-,-,30.7,38.2,-,28.5,18.5 - 20.2
601-650,Niigata University,Japan,L,FC,HI,4,public,-,-,78.4,-,-,-,18.5 - 20.2
601-650,Palack� University in Olomouc,Czech Republic,L,CO,VH,5,public,-,-,40.4,-,36.4,20.6,18.5 - 20.2
601-650,Pontificia Universidade Cat�lica do Rio de Janeiro - PUC - Rio,Brazil,L,CO,HI,4,private,28.2,-,-,-,21.3,-,18.5 - 20.2
601-650,Sichuan University,China,XL,FC,VH,4,public,17.9,-,-,37.3,-,-,18.5 - 20.2
601-650,Smith College,United States,S,CO,HI,5,private,-,-,72,-,-,26.3,18.5 - 20.2
601-650,Tallinn University of Technology,Estonia,M,FO,VH,5,public,-,20.7,30.4,-,40.2,31.3,18.5 - 20.2
601-650,Thammasat University,Thailand,XL,FC,MD,4,public,23,34.3,29.6,-,18.8,-,18.5 - 20.2
601-650,Tokyo Metropolitan University,Japan,M,CO,VH,4,public,-,-,37.4,26.6,-,-,18.5 - 20.2
601-650,Tokyo University of Agriculture and Technology,Japan,M,FO,VH,4,public,-,-,-,51.4,-,-,18.5 - 20.2
601-650,Ulster University,United Kingdom,L,CO,HI,3,public,-,20,-,20,99.1,17.8,18.5 - 20.2
601-650,Universidad de Concepci�n,Chile,L,FC,HI,5,private,23.6,39.4,-,-,-,-,18.5 - 20.2
601-650,Universidad de Salamanca,Spain,L,FC,HI,5,public,23.7,-,-,-,-,27.7,18.5 - 20.2
601-650,Universidad de San Andr�s,Argentina,S,SP,LO,3,private,-,29,56.6,-,-,-,18.5 - 20.2
601-650,Universidad de Sevilla,Spain,XL,FC,HI,5,public,30.6,-,-,-,-,-,18.5 - 20.2
601-650,Universidad Panamericana (UP),Mexico,L,FO,MD,4,private,-,29,58.7,-,16.9,-,18.5 - 20.2
601-650,Universidad Torcuato Di Tella,Argentina,S,SP,MD,3,private,-,34.1,25,-,31.3,50.6,18.5 - 20.2
601-650,Universit�t Duisburg-Essen,Germany,XL,FC,VH,3,public,-,-,-,44.5,27.8,49.6,18.5 - 20.2
601-650,Universit�t Regensburg,Germany,L,CO,VH,4,public,-,-,38.6,21.8,18,-,18.5 - 20.2
601-650,University of Bradford,United Kingdom,M,CO,VH,4,public,-,-,-,26.4,51.3,81.1,18.5 - 20.2
601-650,University of Debrecen,Hungary,L,FC,HI,5,public,-,-,32.1,-,-,74.5,18.5 - 20.2
601-650,University of Hyderabad,India,M,FC,HI,3,public,-,-,26.9,40.5,-,-,18.5 - 20.2
601-650,University of Jordan,Jordan,XL,FC,MD,4,public,23.4,34,-,-,26.9,35.1,18.5 - 20.2
601-650,University of Kentucky,United States,L,FC,VH,5,public,-,-,24.8,34.2,20.5,-,18.5 - 20.2
601-650,University of Klagenfurt,Austria,S,FO,VH,3,public,-,-,34.9,-,89.7,66.8,18.5 - 20.2
601-650,University of Manitoba,Canada,XL,FC,VH,5,public,-,-,46.2,-,,35.2,18.5 - 20.2
601-650,University of New Mexico,United States,L,FC,VH,5,public,-,-,-,40.8,-,-,18.5 - 20.2
601-650,University of Oregon,United States,L,CO,VH,5,public,17.2,-,-,27.7,-,24.4,18.5 - 20.2
601-650,University of Portsmouth,United Kingdom,L,CO,HI,3,public,-,18.5,-,-,76.8,75.4,18.5 - 20.2
601-650,University of South Florida,United States,XL,CO,VH,4,public,-,-,-,33.2,26.4,34.2,18.5 - 20.2
601-650,University of Tehran,Iran,XL,CO,VH,4,public,18.6,23.2,-,38.8,-,-,18.5 - 20.2
601-650,Victoria University,Australia,L,CO,HI,3,public,-,-,-,43.1,48.2,78.3,18.5 - 20.2
601-650,Virginia Commonwealth University,United States,L,FC,VH,5,public,-,-,51.3,18.7,-,-,18.5 - 20.2
601-650,Worcester Polytechnic Institute,United States,M,CO,VH,5,private,-,-,28.3,36.6,27.1,61.6,18.5 - 20.2
651-700,Airlangga University,Indonesia,L,FC,MD,4,public,20.6,23.7,33.3,-,-,-,16.7 - 18.4
651-700,Bogazi�i �niversitesi,Turkey,L,CO,HI,5,public,19,42,-,19.8,-,-,16.7 - 18.4
651-700,Brno University of Technology,Czech Republic,L,FO,VH,5,public,-,33.1,-,-,-,62.1,16.7 - 18.4
651-700,Carleton University,Canada,L,CO,VH,4,public,-,-,-,39.3,24.7,35.6,16.7 - 18.4
651-700,Charles Darwin University,Australia,M,CO,VH,2,public,-,-,-,33.5,50.2,94.5,16.7 - 18.4
651-700,China Agricultural University,China,L,FC,VH,5,public,-,-,28.5,36.3,-,-,16.7 - 18.4
651-700,Edith Cowan University (ECU),Australia,L,CO,HI,3,public,-,-,-,17.8,61.5,82.8,16.7 - 18.4
651-700,Eotvos Lorand University,Hungary,L,FO,VH,5,public,23.6,-,-,-,-,19.1,16.7 - 18.4
651-700,Indiana University-Purdue University Indianapolis,United States,L,,,,,-,-,53.9,-,-,-,16.7 - 18.4
651-700,Instituto Polit�cnico Nacional (IPN),Mexico,XL,CO,VH,4,public,19.4,52.2,-,-,-,-,16.7 - 18.4
651-700,Instituto Tecnol�gico Autonomo de M�xico (ITAM),Mexico,M,FO,HI,4,private,-,48.7,-,-,58.6,-,16.7 - 18.4
651-700,International Islamic University Malaysia (IIUM),Malaysia,L,FC,HI,3,public,16.9,-,-,-,29.7,69.5,16.7 - 18.4
651-700,Istanbul Technical University,Turkey,XL,FO,VH,5,public,18.1,36.7,-,-,-,-,16.7 - 18.4
651-700,Jadavpur University,India,M,CO,VH,5,public,-,-,-,43.4,,-,16.7 - 18.4
651-700,Jordan University of Science and Technology,Jordan,L,CO,HI,3,public,-,26.4,-,-,-,42.8,16.7 - 18.4
651-700,Kagoshima University,Japan,M,FC,HI,4,public,-,-,74.1,-,-,-,16.7 - 18.4
651-700,Kaohsiung Medical University,Taiwan,M,FO,VH,4,,-,-,45.2,23.1,-,-,16.7 - 18.4
651-700,Kazakh National Agrarian University,Kazakhstan,M,SP,LO,4,public,-,-,50.4,-,27.5,-,16.7 - 18.4
651-700,Leibniz Universit�t Hannover,Germany,L,CO,VH,5,public,19.6,-,-,21.7,31.5,34.4,16.7 - 18.4
651-700,Louisiana State University,United States,L,CO,VH,5,public,-,-,-,46.5,-,-,16.7 - 18.4
651-700,Missouri University of Science and Technology,United States,M,CO,VH,5,public,-,-,-,49.3,40.5,24.5,16.7 - 18.4
651-700,National and Kapodistrian University of Athens,Greece,XL,FC,VH,5,public,19.5,27.7,-,26.7,-,15.8,16.7 - 18.4
651-700,National Chung Hsing University,Taiwan,L,CO,VH,5,public,-,-,24,25.8,-,-,16.7 - 18.4
651-700,"National Technical University ""Kharkiv Polytechnic Institute""",Ukraine,L,FO,HI,5,public,-,-,66.4,-,-,-,16.7 - 18.4
651-700,Osaka Prefecture University,Japan,M,CO,VH,4,public,-,-,56.1,21.1,-,-,16.7 - 18.4
651-700,Philipps-Universit�t Marburg,Germany,L,FC,HI,5,public,-,-,-,26.8,-,25.4,16.7 - 18.4
651-700,Pontificia Universidade Cat�lica de S�o Paulo (PUC-SP),Brazil,M,FC,MD,4,private,-,19.7,51.6,-,-,-,16.7 - 18.4
651-700,"Rutgers - The State University of New Jersey, Newark",United States,M,CO,HI,4,public,-,-,23.4,-,32.9,40.5,16.7 - 18.4
651-700,Samara National Research University (Samara University),Russia,M,FO,VH,4,public,-,-,71.9,-,-,17.9,16.7 - 18.4
651-700,Sejong University,South Korea,L,CO,HI,4,private,-,18.8,-,21.9,23.8,19.6,16.7 - 18.4
651-700,Stevens Institute of Technology,United States,M,CO,HI,5,private,-,-,-,32.5,46.8,96.1,16.7 - 18.4
651-700,Temple University,United States,XL,FC,HI,5,public,-,-,27.5,20.7,-,-,16.7 - 18.4
651-700,Universidad de Antioquia,Colombia,XL,FC,HI,5,public,25.4,43.4,-,-,-,-,16.7 - 18.4
651-700,Universidad del Pais Vasco,Spain,XL,,,,,-,-,44.7,-,,-,16.7 - 18.4
651-700,Universidad Iberoamericana (UIA),Mexico,L,FC,LO,4,private,17.2,46.8,-,-,-,-,16.7 - 18.4
651-700,Universidade de Santiago de Compostela,Spain,L,CO,VH,5,public,19.6,-,-,21.8,-,-,16.7 - 18.4
651-700,Universidade Federal de Minas Gerais,Brazil,XL,FC,VH,5,public,28,-,-,-,-,-,16.7 - 18.4
651-700,Universidade Federal do Rio Grande Do Sul,Brazil,XL,FC,VH,5,public,26.3,-,-,-,-,-,16.7 - 18.4
651-700,Universit� degli Studi di Genova,Italy,L,FC,VH,5,public,16.5,-,-,33.1,-,15.9,16.7 - 18.4
651-700,Universit�t Hohenheim,Germany,M,,,,,-,-,-,42.5,-,34.4,16.7 - 18.4
651-700,Universit� Claude Bernard Lyon 1,France,XL,FC,HI,5,public,20.5,-,-,23,-,18.1,16.7 - 18.4
651-700,Universit� de Sherbrooke,Canada,L,FC,HI,4,public,-,-,28.5,18.6,61.8,-,16.7 - 18.4
651-700,Universiti Teknologi MARA (UiTM),Malaysia,XL,CO,VH,4,public,21,38,-,-,-,-,16.7 - 18.4
651-700,University of Denver,United States,M,CO,VH,5,private,-,-,50.4,20.4,-,-,16.7 - 18.4
651-700,University of Haifa,Israel,L,FO,VH,4,public,-,-,-,31.6,,,16.7 - 18.4
651-700,University of Houston,United States,XL,CO,VH,4,public,-,-,-,38.2,-,16,16.7 - 18.4
651-700,University of Minho,Portugal,L,,,,,-,-,31.4,-,21.9,-,16.7 - 18.4
651-700,University of P�cs,Hungary,L,FC,HI,5,public,-,-,39.5,-,-,64.7,16.7 - 18.4
651-700,University of Plymouth,United Kingdom,L,FC,HI,5,public,-,-,-,29,52.8,32.4,16.7 - 18.4
651-700,University of Seoul,South Korea,M,CO,VH,5,public,-,-,38.9,-,-,-,16.7 - 18.4
651-700,University of Sharjah,United Arab Emirates,L,CO,HI,2,private,-,-,-,-,100,100,16.7 - 18.4
651-700,University of Westminster,United Kingdom,L,CO,HI,,,-,-,-,-,82.6,100,16.7 - 18.4
651-700,University of Windsor,Canada,L,CO,HI,5,public,-,-,-,62.3,,46.6,16.7 - 18.4
651-700,Zayed University,United Arab Emirates,M,CO,HI,2,public,-,-,30.6,-,100,-,16.7 - 18.4
701-750,Abu Dhabi University,United Arab Emirates,S,FO,HI,2,Other,-,-,-,-,100,100,15.2 - 16.6
701-750,Beijing Jiaotong University,China,L,CO,VH,5,public,-,-,23.8,21.9,-,14.7,15.2 - 16.6
701-750,Beijing University of Technology,China,L,CO,VH,4,public,-,-,40.9,18.6,-,-,15.2 - 16.6
701-750,Bournemouth University,United Kingdom,L,CO,HI,3,public,-,-,-,18.2,79.3,46.5,15.2 - 16.6
701-750,Central South University,China,XL,FC,VH,2,public,-,-,-,49.8,19.1,-,15.2 - 16.6
701-750,Chonnam National University,South Korea,L,FC,VH,4,public,-,-,35.9,22.6,-,-,15.2 - 16.6
701-750,Chungnam National University,South Korea,L,FC,VH,4,public,-,-,37.4,-,-,-,15.2 - 16.6
701-750,Clemson University,United States,L,CO,VH,5,public,-,24,-,26.3,-,-,15.2 - 16.6
701-750,Dankook University,South Korea,L,FC,HI,4,private,-,-,65.4,-,-,-,15.2 - 16.6
701-750,Georgia State University,United States,L,CO,VH,5,public,-,-,-,27.1,-,-,15.2 - 16.6
701-750,Hunan University,China,XL,CO,VH,4,public,-,-,-,51.5,-,-,15.2 - 16.6
701-750,Kansas State University,United States,L,CO,VH,5,public,-,-,-,20.9,31.7,-,15.2 - 16.6
701-750,Lahore University of Management Sciences (LUMS),Pakistan,S,CO,HI,3,private,-,36.3,-,-,-,-,15.2 - 16.6
701-750,London South Bank University,United Kingdom,M,,,3,,-,-,-,-,60.2,92.7,15.2 - 16.6
701-750,Manipal Academy of Higher Education,India,L,FC,HI,4,private,-,-,53.3,-,-,-,15.2 - 16.6
701-750,Maynooth University,Ireland,M,FO,VH,2,public,-,-,-,18.4,79.7,19,15.2 - 16.6
701-750,Memorial University of Newfoundland,Canada,L,FC,HI,4,public,-,-,-,24.8,32.1,53.5,15.2 - 16.6
701-750,"National Technical University of Ukraine ""Kyiv Polytechnic Institute""",Ukraine,L,FO,HI,5,public,-,21.6,46.7,-,-,-,15.2 - 16.6
701-750,Northumbria University at Newcastle,United Kingdom,L,CO,HI,4,public,-,23,-,-,42.6,45.1,15.2 - 16.6
701-750,Nottingham Trent University,United Kingdom,L,CO,HI,3,public,-,25.8,-,-,53.5,39,15.2 - 16.6
701-750,Pontificia Universidad Cat�lica de Valpara�so,Chile,L,FC,MD,4,private,20.5,28.4,-,-,-,-,15.2 - 16.6
701-750,Riga Technical University,Latvia,M,CO,VH,5,public,-,20.6,27.3,-,20.4,29.3,15.2 - 16.6
701-750,Rovira i Virgili University,Spain,L,FC,HI,3,public,-,-,28.8,32.2,-,24.2,15.2 - 16.6
701-750,Shenzhen University,China,XL,CO,VH,3,public,-,-,53.6,-,-,-,15.2 - 16.6
701-750,Southern Methodist University,United States,M,CO,VH,5,private,-,-,43,-,-,37.6,15.2 - 16.6
701-750,Sumy State University,Ukraine,M,CO,HI,3,public,-,-,52.8,-,-,43.8,15.2 - 16.6
701-750,Universidad Adolfo Ib��ez,Chile,M,FO,HI,4,private,-,63.6,-,-,36.3,-,15.2 - 16.6
701-750,Universidad Central de Venezuela (UCV),Venezuela,XL,FC,MD,5,public,19.1,42.7,-,-,-,-,15.2 - 16.6
701-750,Universidad de Alicante,Spain,L,,,3,,-,-,31.3,-,-,16.1,15.2 - 16.6
701-750,Universidad de Guadalajara (UDG),Mexico,XL,FC,MD,5,public,18.4,-,33.7,-,-,-,15.2 - 16.6
701-750,Universidad ICESI,Colombia,M,FC,MD,3,private,-,-,62.2,-,-,-,15.2 - 16.6
701-750,Universidade Federal de Santa Catarina,Brazil,XL,FC,HI,4,public,17.2,-,29.6,-,-,-,15.2 - 16.6
701-750,Universit� degli Studi di Siena (UNISI),Italy,L,FC,HI,5,public,-,-,-,36.7,-,14.8,15.2 - 16.6
701-750,Universit� degli Studi di Trieste (UNITS),Italy,L,FC,HI,4,public,-,-,-,40.2,-,-,15.2 - 16.6
701-750,Universit�t Potsdam,Germany,L,FO,VH,,,-,-,-,29.6,,24.6,15.2 - 16.6
701-750,Universit� de Lille,France,XL,CO,VH,1,public,25.9,-,-,-,21.5,23.8,15.2 - 16.6
701-750,University at Albany SUNY,United States,L,CO,VH,5,public,-,-,-,43.3,-,-,15.2 - 16.6
701-750,University Malaysia Perlis (UniMAP),Malaysia,M,SP,VH,2,public,-,-,54.9,-,-,-,15.2 - 16.6
701-750,University of Alabama,United States,XL,CO,VH,5,public,-,23.3,-,34.6,-,-,15.2 - 16.6
701-750,University of Baghdad,Iraq,XL,FC,MD,4,public,-,-,46,-,-,-,15.2 - 16.6
701-750,University of Central Florida,United States,XL,FC,HI,4,public,-,24.1,-,25.9,-,-,15.2 - 16.6
701-750,University of Greenwich,United Kingdom,L,CO,HI,3,public,-,-,-,-,86.1,96.7,15.2 - 16.6
701-750,University of Huddersfield,United Kingdom,L,CO,HI,3,public,-,20.2,-,-,55.4,73.8,15.2 - 16.6
701-750,University of Hull,United Kingdom,XL,FC,HI,4,public,-,-,-,29.3,63.9,21.2,15.2 - 16.6
701-750,University of Patras,Greece,L,FC,HI,4,public,-,22.3,-,37.3,-,-,15.2 - 16.6
701-750,University of Tulsa,United States,S,CO,VH,5,private,-,-,40.3,-,-,58.6,15.2 - 16.6
701-750,University of Wyoming,United States,M,CO,VH,5,public,-,-,32.3,33.2,17.9,-,15.2 - 16.6
701-750,Vietnam National University - Ho Chi Minh City (VNU-HCM),Vietnam,XL,FO,MD,2,public,19.4,-,27,-,-,-,15.2 - 16.6
701-750,Yamaguchi University,Japan,M,FC,HI,4,public,-,-,57.5,-,-,-,15.2 - 16.6
751-800,Ajman University,United Arab Emirates,M,CO,MD,3,Other,-,-,-,-,100,100,14.2 - 15.1
751-800,Anna University,India,L,FO,VH,3,public,-,-,-,45.3,-,-,14.2 - 15.1
751-800,Brigham Young University,United States,XL,CO,VH,5,private,-,-,-,42.8,-,-,14.2 - 15.1
751-800,Chongqing University,China,XL,CO,VH,4,public,-,-,-,36.9,-,-,14.2 - 15.1
751-800,Comenius University in Bratislava,Slovakia,L,CO,VH,5,public,-,-,34.8,-,,16.5,14.2 - 15.1
751-800,Dublin Institute of Technology (DIT),Ireland,L,CO,HI,1,public,-,-,-,-,43.9,48.5,14.2 - 15.1
751-800,Florida International University,United States,XL,CO,VH,,,-,-,-,17.6,25,14.8,14.2 - 15.1
751-800,Gunma University,Japan,M,FO,VH,4,public,-,-,42.6,18.9,17.8,-,14.2 - 15.1
751-800,"Jamia Millia Islamia, New Delhi",India,M,CO,VH,4,public,-,-,44.9,-,-,-,14.2 - 15.1
751-800,Kaunas University of Technology,Lithuania,M,FO,VH,4,public,-,-,35.2,-,-,-,14.2 - 15.1
751-800,Kazakh-British Technical University,Kazakhstan,S,FO,HI,2,public,-,-,31.6,-,65.5,-,14.2 - 15.1
751-800,Lanzhou University,China,XL,CO,VH,5,public,-,-,-,41.8,-,-,14.2 - 15.1
751-800,London Metropolitan University,United Kingdom,M,CO,HI,2,public,-,-,-,-,57.5,98.9,14.2 - 15.1
751-800,Loyola University Chicago,United States,L,FC,HI,5,private,-,-,28.9,-,-,-,14.2 - 15.1
751-800,Manchester Metropolitan University,United Kingdom,L,CO,HI,3,public,-,-,-,-,40.2,38,14.2 - 15.1
751-800,National University Lviv Polytechnic,Ukraine,L,CO,HI,5,public,-,-,48.2,-,-,-,14.2 - 15.1
751-800,New Jersey Institute of Technology (NJIT),United States,M,CO,VH,5,public,-,-,-,25.7,-,54.9,14.2 - 15.1
751-800,O. P. Jindal Global University,India,S,SP,LO,2,private,-,-,46,-,40.8,-,14.2 - 15.1
751-800,Oklahoma State University,United States,L,CO,VH,5,public,-,-,-,23.6,42.6,-,14.2 - 15.1
751-800,Padjadjaran University,Indonesia,XL,CO,MD,4,public,-,-,41.7,-,-,-,14.2 - 15.1
751-800,Paris Lodron Universit�t Salzburg,Austria,L,CO,HI,5,public,-,-,-,20.7,,96.5,14.2 - 15.1
751-800,Plekhanov Russian University of Economics,Russia,L,SP,MD,5,public,-,-,44.6,-,-,16.4,14.2 - 15.1
751-800,Shinshu University,Japan,M,FC,VH,4,public,-,-,41.5,17.5,-,-,14.2 - 15.1
751-800,Slovak University of Technology in Bratislava,Slovakia,L,FO,VH,4,public,-,-,44.6,-,-,-,14.2 - 15.1
751-800,"Sofia University ""St. Kliment Ohridski""",Bulgaria,L,CO,HI,5,public,-,-,40.5,-,-,-,14.2 - 15.1
751-800,Southern Cross University,Australia,M,CO,VH,3,public,-,-,-,30.9,50.9,58.6,14.2 - 15.1
751-800,Sunway University,Malaysia,M,FO,HI,2,private,-,22,31,-,39.6,23.6,14.2 - 15.1
751-800,Technical University of Liberec,Czech Republic,M,SP,HI,4,public,-,-,50.1,-,17.9,19,14.2 - 15.1
751-800,Technische Universit�t Dortmund,Germany,XL,CO,VH,4,public,-,22,-,-,19.6,-,14.2 - 15.1
751-800,Universidad de La Sabana,Colombia,L,FC,MD,3,private,-,44.4,-,-,-,-,14.2 - 15.1
751-800,Universidad de las Am�ricas Puebla (UDLAP),Mexico,M,FC,MD,4,private,-,20.5,30.6,-,43,-,14.2 - 15.1
751-800,Universidad de San Francisco de Quito,Ecuador,M,FC,MD,3,private,-,22.7,26.9,-,60.2,-,14.2 - 15.1
751-800,Universidad del Rosario,Colombia,M,CO,HI,5,private,-,35.6,25.9,-,17.8,-,14.2 - 15.1
751-800,Universit� Ca' Foscari Venezia,Italy,L,FO,VH,5,public,-,19.5,-,-,30,-,14.2 - 15.1
751-800,Universit� degli Studi di Modena e Reggio Emilia,Italy,L,FC,HI,5,public,-,-,-,46.1,-,-,14.2 - 15.1
751-800,Universit� degli Studi di Perugia,Italy,L,FC,HI,5,public,-,-,-,45.1,-,-,14.2 - 15.1
751-800,Universit�t Bielefeld,Germany,L,CO,VH,4,public,17.1,-,-,-,26.6,-,14.2 - 15.1
751-800,Universit�t D�sseldorf,Germany,XL,FC,HI,4,public,-,-,-,17.9,,20.7,14.2 - 15.1
751-800,Universit�t Rostock,Germany,L,FC,HI,5,public,-,-,30.8,25.9,,19.4,14.2 - 15.1
751-800,Universit� de Lorraine,France,XL,CO,VH,1,public,-,-,-,-,21.9,40.2,14.2 - 15.1
751-800,Universiti Malaysia Pahang (UMP),Malaysia,M,SP,VH,2,public,-,-,-,-,44.8,-,14.2 - 15.1
751-800,University of Brescia,Italy,M,FO,VH,3,public,-,-,-,50.2,-,16.3,14.2 - 15.1
751-800,University of Crete,Greece,L,FC,HI,3,public,-,-,-,34.7,-,-,14.2 - 15.1
751-800,University of East London,United Kingdom,M,CO,HI,3,public,-,-,-,-,85,91.2,14.2 - 15.1
751-800,University of Hertfordshire,United Kingdom,L,CO,HI,3,public,-,-,-,-,59.8,82.2,14.2 - 15.1
751-800,University of Maribor,Slovenia,L,FC,HI,3,public,-,-,39.3,-,-,-,14.2 - 15.1
751-800,University of Southern Queensland,Australia,L,CO,HI,4,public,-,-,-,21.1,64.1,34.6,14.2 - 15.1
751-800,University of the West of England,United Kingdom,L,CO,HI,3,,-,-,-,-,41.4,56.2,14.2 - 15.1
751-800,University of Zagreb,Croatia,XL,FC,VH,5,public,-,-,32.8,-,-,-,14.2 - 15.1
751-800,Yokohama National University,Japan,M,CO,VH,4,public,-,-,30.4,-,-,-,14.2 - 15.1
  801-1000,Adam Mickiewicz University,Poland,XL,CO,HI,5,public,-,-,23.9,-,-,-,9 - 14.1
  801-1000,AGH University of Science and Technology,Poland,L,CO,VH,5,public,-,19.1,24.9,-,,-,9 - 14.1
  801-1000,Ain Shams University,Egypt,XL,FC,HI,4,public,-,26.9,-,-,20.3,-,9 - 14.1
  801-1000,Alexandria University,Egypt,XL,FC,HI,4,public,-,21.8,-,-,-,-,9 - 14.1
  801-1000,"Aligarh Muslim University (AMU), Aligarh",India,L,CO,HI,5,public,-,-,26.9,-,,-,9 - 14.1
  801-1000,Amrita Vishwa Vidyapeetham,India,L,FC,HI,2,private,-,-,32.9,-,46.1,-,9 - 14.1
  801-1000,Ankara �niversitesi,Turkey,XL,FC,HI,4,public,-,-,-,-,-,-,9 - 14.1
  801-1000,Assiut University,Egypt,XL,FC,HI,4,public,-,-,-,-,29.6,-,9 - 14.1
  801-1000,Athens University of Economics and Business,Greece,M,FO,VH,4,public,-,36.9,-,20.9,-,-,9 - 14.1
  801-1000,Auburn University,United States,L,CO,VH,5,public,-,-,-,22.3,-,16.3,9 - 14.1
  801-1000,Australian Catholic University,Australia,L,CO,HI,3,public,-,-,-,-,50.7,44.2,9 - 14.1
  801-1000,Babes-Bolyai University,Romania,XL,CO,HI,5,public,-,-,-,-,-,-,9 - 14.1
  801-1000,Baku State University,Azerbaijan,L,FO,HI,5,public,-,-,44.8,-,-,-,9 - 14.1
  801-1000,Banaras Hindu University,India,L,FC,HI,5,public,-,-,-,20.1,-,-,9 - 14.1
  801-1000,Bangladesh University of Engineering and Technology,Bangladesh,M,SP,HI,3,public,-,21.1,-,-,,-,9 - 14.1
  801-1000,Baylor University,United States,L,CO,VH,5,private,-,-,-,-,-,-,9 - 14.1
  801-1000,Beijing Foreign Studies University,China,M,SP,MD,4,public,-,-,40.7,-,23.6,28.6,9 - 14.1
  801-1000,Beirut Arab University,Lebanon,M,FC,MD,4,private,-,-,-,-,82,41.7,9 - 14.1
  801-1000,Belarusian National Technical University,Belarus,L,SP,LO,4,public,-,26.6,36.5,-,-,-,9 - 14.1
  801-1000,Bina Nusantara University (BINUS),Indonesia,L,CO,MD,3,,-,-,24.9,-,17.6,-,9 - 14.1
  801-1000,Binghamton University SUNY,United States,L,CO,HI,4,public,-,-,-,22.8,-,28.3,9 - 14.1
  801-1000,Birla Institute of Technology and Science,India,L,CO,HI,5,private,-,-,-,18.3,-,-,9 - 14.1
  801-1000,Birmingham City University (BCU),United Kingdom,L,CO,MD,3,,-,-,-,-,36.4,68,9 - 14.1
  801-1000,Budapest University of Technology and Economics,Hungary,L,FO,VH,5,public,-,-,-,-,-,15.3,9 - 14.1
  801-1000,Canterbury Christ Church University,United Kingdom,M,CO,HI,4,,-,-,-,-,34.1,25.4,9 - 14.1
  801-1000,COMSATS Institute of Information Technology,Pakistan,XL,CO,HI,2,public,-,-,26.1,-,-,-,9 - 14.1
  801-1000,Corvinus University of Budapest,Hungary,M,FO,VH,5,public,-,-,-,-,-,37.5,9 - 14.1
  801-1000,Cracow University of Technology,Poland,M,FO,VH,4,public,-,-,40.7,-,,-,9 - 14.1
  801-1000,Czech University of Life Sciences in Prague,Czech Republic,L,FO,VH,5,public,-,-,-,-,24.7,49.1,9 - 14.1
  801-1000,De La Salle University,Philippines,L,CO,MD,5,private,16.6,23,-,-,-,-,9 - 14.1
  801-1000,De Montfort University,United Kingdom,L,CO,HI,5,public,-,-,-,-,53.5,88.6,9 - 14.1
  801-1000,Diponegoro University,Indonesia,XL,FC,MD,4,public,-,-,-,-,-,-,9 - 14.1
  801-1000,E.A.Buketov Karaganda State University,Kazakhstan,L,FO,MD,4,public,-,-,42.3,-,-,-,9 - 14.1
  801-1000,Edinburgh Napier University,United Kingdom,M,CO,HI,3,public,-,-,-,-,51.8,82.9,9 - 14.1
  801-1000,Escuela Polit�cnica Nacional,Ecuador,M,SP,LO,5,,-,-,45.2,-,-,-,9 - 14.1
  801-1000,Escuela Superior Polit�cnica del Litoral - ESPOL,Ecuador,M,FO,HI,4,public,-,20.5,27.7,-,17.1,-,9 - 14.1
  801-1000,Fordham University,United States,L,CO,HI,5,private,-,-,-,-,17.4,33.9,9 - 14.1
  801-1000,Gdansk University of Technology,Poland,L,FO,VH,5,public,-,-,32.7,-,-,-,9 - 14.1
  801-1000,George Mason University,United States,XL,CO,VH,3,public,-,-,-,22.5,-,21.3,9 - 14.1
  801-1000,German Jordanian University,Jordan,S,FO,HI,,public,-,-,28.4,-,57.8,30.4,9 - 14.1
  801-1000,Glasgow Caledonian University,United Kingdom,L,FO,HI,5,public,-,-,-,-,33.6,43,9 - 14.1
  801-1000,Hacettepe University,Turkey,XL,FC,HI,4,public,-,-,-,-,-,-,9 - 14.1
  801-1000,Istanbul University,Turkey,XL,FC,HI,5,public,17.9,-,-,-,-,-,9 - 14.1
  801-1000,Karaganda State Technical University,Kazakhstan,M,FO,MD,4,public,-,-,40,-,-,-,9 - 14.1
  801-1000,Kasetsart University,Thailand,XL,CO,HI,4,public,23.7,18,-,-,-,-,9 - 14.1
  801-1000,Kazakh Ablai khan University of International Relations and World Languages,Kazakhstan,M,SP,LO,4,public,-,-,37.2,-,-,-,9 - 14.1
  801-1000,Kent State University,United States,L,,,5,public,-,-,-,31.9,20,-,9 - 14.1
  801-1000,Khon Kaen University,Thailand,XL,FC,HI,4,public,-,-,-,-,-,-,9 - 14.1
  801-1000,King Faisal University,Saudi Arabia,XL,FO,HI,3,public,-,-,-,-,99.6,-,9 - 14.1
  801-1000,King Mongkut's University of Technology Thonburi,Thailand,L,CO,HI,4,public,-,-,-,-,-,-,9 - 14.1
  801-1000,Kuwait University,Kuwait,XL,FC,MD,4,public,-,-,-,-,48.4,32.2,9 - 14.1
  801-1000,Kyoto Institute of Technology,Japan,S,FO,VH,4,public,-,-,28.4,-,-,-,9 - 14.1
  801-1000,Kyushu Institute of Technology,Japan,M,FO,VH,5,public,-,-,-,29.2,16.3,-,9 - 14.1
  801-1000,Liverpool John Moores University,United Kingdom,L,,,,,-,-,-,-,44.7,32.7,9 - 14.1
  801-1000,Lodz University of Technology,Poland,L,CO,HI,4,public,-,-,31.9,-,-,-,9 - 14.1
  801-1000,Marquette University,United States,M,CO,VH,5,private,-,-,28.7,-,-,-,9 - 14.1
  801-1000,Miami University,United States,L,CO,HI,5,public,-,-,-,-,-,30.5,9 - 14.1
  801-1000,Middlesex University,United Kingdom,L,CO,HI,3,public,-,-,-,17.5,85.9,35.4,9 - 14.1
  801-1000,Multimedia University (MMU),Malaysia,M,SP,HI,2,Other,-,-,-,-,20.2,25.8,9 - 14.1
  801-1000,Mustansiriyah University,Iraq,XL,FC,MD,4,public,-,-,35.8,-,-,-,9 - 14.1
  801-1000,Nagoya Institute of Technology (NIT),Japan,M,SP,VH,5,public,-,-,-,42,-,-,9 - 14.1
  801-1000,National Chung Cheng University,Taiwan,M,CO,VH,3,public,-,-,-,-,-,-,9 - 14.1
  801-1000,Nicolaus Copernicus University,Poland,L,FC,HI,4,public,-,-,39.3,-,-,-,9 - 14.1
  801-1000,Notre Dame University-Louaize (NDU),Lebanon,M,CO,MD,3,private,-,-,-,-,79.5,22.5,9 - 14.1
  801-1000,Novosibirsk State Technical University,Russia,L,FO,HI,4,public,-,-,26.5,-,-,44.8,9 - 14.1
  801-1000,Ohio University,United States,L,CO,HI,5,public,-,-,-,-,-,-,9 - 14.1
  801-1000,Politecnico di Bari,Italy,M,,,,,-,-,-,48.1,-,-,9 - 14.1
  801-1000,Pontificia Universidad Catolica del Ecuador,Ecuador,L,FC,LO,4,private,-,20.7,25.3,-,24.8,-,9 - 14.1
  801-1000,Pontificia Universidade Cat�lica do Rio Grande do Sul,Brazil,M,FC,HI,4,private,-,-,-,-,-,-,9 - 14.1
  801-1000,Poznan University of Technology,Poland,L,FO,VH,5,public,-,-,-,-,,-,9 - 14.1
  801-1000,Prince of Songkla University,Thailand,XL,FC,HI,4,public,16.8,-,-,-,-,-,9 - 14.1
  801-1000,Princess Sumaya University for Technology,Jordan,S,FO,HI,3,private,-,-,-,-,68.8,32.7,9 - 14.1
  801-1000,Rhodes University,South Africa,M,CO,VH,5,public,-,-,-,21.8,,45.2,9 - 14.1
  801-1000,Riga Stradins University,Latvia,M,FO,HI,4,public,-,-,-,-,-,78.8,9 - 14.1
  801-1000,Rikkyo University,Japan,L,FO,HI,5,Other,-,-,38.9,-,-,-,9 - 14.1
  801-1000,Ritsumeikan University,Japan,XL,CO,HI,5,private,-,33.4,-,-,28.8,-,9 - 14.1
  801-1000,Ryerson University,Canada,XL,CO,HI,4,public,-,23.5,-,34.7,,-,9 - 14.1
  801-1000,Saitama University,Japan,M,CO,VH,4,public,-,-,-,23,-,-,9 - 14.1
  801-1000,San Diego State University,United States,XL,CO,VH,5,public,-,-,-,34.3,-,-,9 - 14.1
  801-1000,Savitribai Phule Pune University,India,M,CO,VH,4,public,-,-,37.8,-,,-,9 - 14.1
  801-1000,Seoul National University of Science and Technology,South Korea,M,FO,VH,,public,-,-,-,-,-,-,9 - 14.1
  801-1000,Sepuluh Nopember Institute of Technology,Indonesia,L,SP,MD,4,public,-,-,27.5,-,42.6,-,9 - 14.1
  801-1000,Shahid Beheshti University Tehran,Iran,L,FO,VH,4,public,-,-,-,23.5,-,-,9 - 14.1
  801-1000,Shanghai International Studies University,China,L,SP,MD,4,public,-,-,30.6,-,38.9,50.1,9 - 14.1
  801-1000,Sheffield Hallam University,United Kingdom,L,,,,,-,23.3,-,-,30.7,20.2,9 - 14.1
  801-1000,Shiraz University,Iran,L,CO,VH,4,public,-,-,-,37.3,,-,9 - 14.1
  801-1000,Sophia University,Japan,L,CO,HI,5,private,-,-,-,-,36.9,25.6,9 - 14.1
  801-1000,South Ural State University,Russia,L,CO,HI,4,public,-,-,39.8,-,-,21.8,9 - 14.1
  801-1000,Tallinn University,Estonia,M,FO,HI,2,public,-,-,-,-,41.9,25.7,9 - 14.1
  801-1000,Technical University of Kosice,Slovakia,M,FO,VH,4,public,-,-,31,-,-,-,9 - 14.1
  801-1000,Tecnol�gico de Costa Rica (TEC),Costa Rica,M,,,5,,-,29.8,26.4,-,-,-,9 - 14.1
  801-1000,Texas Tech University,United States,XL,,,,,-,-,-,19.1,39.2,-,9 - 14.1
  801-1000,Thapar University,India,M,FO,VH,4,public,-,-,-,23.5,-,-,9 - 14.1
  801-1000,The Robert Gordon University,United Kingdom,M,CO,HI,3,public,-,-,-,-,51.5,65.4,9 - 14.1
  801-1000,Tokai University,Japan,L,FC,HI,4,private,-,-,-,-,-,-,9 - 14.1
  801-1000,Tokyo University of Science,Japan,L,FO,VH,4,private,-,-,-,23.1,-,-,9 - 14.1
  801-1000,Universidad Austral de Chile,Chile,L,FC,MD,4,private,-,-,-,-,21.3,-,9 - 14.1
  801-1000,Universidad Aut�noma de Nuevo Le�n (UANL),Mexico,XL,FC,MD,4,public,-,19.5,-,-,-,-,9 - 14.1
  801-1000,Universidad Aut�noma del Estado de M�xico,Mexico,XL,FC,MD,5,public,20.7,-,-,-,-,-,9 - 14.1
  801-1000,Universidad Aut�noma Metropolitana (UAM),Mexico,XL,FC,HI,3,public,22.7,-,-,-,-,-,9 - 14.1
  801-1000,Universidad Cat�lica Andr�s Bello - UCAB,Venezuela,L,FO,LO,4,private,18.5,49.3,-,-,,-,9 - 14.1
  801-1000,Universidad de Castilla-La Mancha,Spain,L,FC,HI,,public,-,-,-,-,-,-,9 - 14.1
  801-1000,Universidad de la Rep�blica (UdelaR),Uruguay,XL,FC,HI,5,public,17.3,-,-,-,-,-,9 - 14.1
  801-1000,Universidad de Lima,Peru,M,,,4,,-,36.3,-,-,-,-,9 - 14.1
  801-1000,Universidad de los Andes Chile,Chile,M,FC,MD,3,private,-,22.2,-,-,-,-,9 - 14.1
  801-1000,Universidad de los Andes M�rida,Venezuela,XL,FC,MD,5,public,-,19.3,-,-,-,-,9 - 14.1
  801-1000,Universidad de Monterrey,Mexico,M,SP,,4,public,-,-,-,-,-,-,9 - 14.1
  801-1000,Universidad de Murcia,Spain,L,FC,HI,5,public,-,-,23.8,-,-,-,9 - 14.1
  801-1000,Universidad de Oviedo,Spain,L,,,,,-,-,-,18.6,,-,9 - 14.1
  801-1000,Universidad de Puerto Rico,Puerto Rico,XL,FC,HI,5,public,-,-,-,-,17,-,9 - 14.1
  801-1000,Universidad de Talca,Chile,M,CO,HI,3,public,-,-,-,-,21.2,-,9 - 14.1
  801-1000,Universidad del Norte,Colombia,L,FC,MD,4,private,-,21.1,-,-,-,-,9 - 14.1
  801-1000,Universidad del Valle,Colombia,L,FC,MD,4,public,-,18.6,-,-,-,-,9 - 14.1
  801-1000,Universidad Diego Portales,Chile,L,FC,MD,3,private,-,29.5,-,-,-,-,9 - 14.1
  801-1000,Universidad EAFIT,Colombia,L,CO,MD,4,private,-,52.7,-,-,,-,9 - 14.1
  801-1000,Universidad Nacional Costa Rica,Costa Rica,L,CO,MD,3,public,-,20.7,26,-,20,-,9 - 14.1
  801-1000,Universidad Nacional de Asunci�n,Paraguay,XL,FC,LO,5,public,-,-,31.4,-,,-,9 - 14.1
  801-1000,Universidad Nacional de C�rdoba,Argentina,XL,CO,HI,5,public,20.1,-,-,-,-,-,9 - 14.1
  801-1000,Universidad Nacional de Mar del Plata,Argentina,L,CO,HI,3,public,-,-,-,-,,,9 - 14.1
  801-1000,Universidad Nacional de Rosario,Argentina,XL,FC,MD,4,public,17.7,-,-,-,,,9 - 14.1
  801-1000,Universidad Peruana Cayetano Heredia,Peru,M,FO,VH,4,private,-,-,35.8,-,16.6,-,9 - 14.1
  801-1000,Universidad Sim�n Bol�var Venezuela,Venezuela,M,FO,VH,4,public,-,30.7,-,-,-,-,9 - 14.1
  801-1000,Universidad T�cnica Federico Santa Mar�a,Chile,L,FO,HI,4,private,-,42.5,-,-,21.8,-,9 - 14.1
  801-1000,Universidad Tecnol�gica de Panam� (UTP),Panama,L,CO,LO,3,public,-,28.8,-,-,-,-,9 - 14.1
  801-1000,Universidad Tecnol�gica Nacional (UTN),Argentina,XL,FO,HI,4,public,-,30.6,39.5,-,,,9 - 14.1
  801-1000,"Universidade Catolica Portuguesa, Lisboa",Portugal,M,FC,HI,3,private,-,24.1,-,-,-,20.6,9 - 14.1
  801-1000,Universidade da Coru�a,Spain,L,CO,HI,3,public,-,-,41.6,-,-,-,9 - 14.1
  801-1000,Universidade de Brasilia,Brazil,XL,FC,HI,4,public,22.2,-,-,-,-,-,9 - 14.1
  801-1000,Universidade de Vigo,Spain,L,,,,,-,-,-,22.6,-,-,9 - 14.1
  801-1000,Universidade do Estado do Rio de Janeiro (UERJ),Brazil,XL,FC,HI,4,public,-,-,-,-,-,-,9 - 14.1
  801-1000,Universidade Estadual de Londrina,Brazil,L,FC,HI,3,public,-,-,32,-,-,-,9 - 14.1
  801-1000,Universidade Federal de S�o Carlos,Brazil,L,FC,HI,3,public,-,-,24,-,-,-,9 - 14.1
  801-1000,Universidade Federal de Vi�osa,Brazil,L,FC,HI,4,public,-,-,-,-,-,-,9 - 14.1
  801-1000,Universidade Federal do Paran� (UFPR),Brazil,XL,FC,HI,5,public,-,-,-,-,-,-,9 - 14.1
  801-1000,Universidade Federal do Pernambuco,Brazil,XL,FC,HI,4,public,-,-,28.5,-,-,-,9 - 14.1
  801-1000,Universidade Federal Fluminense,Brazil,XL,FC,HI,4,public,-,-,38.1,-,-,-,9 - 14.1
  801-1000,Universit� degli Studi di Catania (UniCT),Italy,L,FC,VH,5,public,-,-,-,31.6,-,-,9 - 14.1
  801-1000,Universit� degli Studi di Ferrara,Italy,L,FC,HI,5,public,-,-,-,51,-,-,9 - 14.1
  801-1000,Universit� degli Studi di Salerno,Italy,L,FC,HI,4,public,-,-,-,35.3,-,-,9 - 14.1
  801-1000,Universita degli Studi di Udine,Italy,M,CO,VH,3,,-,-,-,28.9,-,-,9 - 14.1
  801-1000,Universit� degli Studi Roma Tre,Italy,XL,CO,HI,3,public,17.8,-,-,-,-,-,9 - 14.1
  801-1000,Universit� degli Studi di Palermo,Italy,L,,,5,public,-,-,-,26.5,-,-,9 - 14.1
  801-1000,Universit�t Siegen,Germany,L,,,,,-,-,-,-,37.1,23.7,9 - 14.1
  801-1000,Universit� de Nantes,France,XL,CO,VH,5,public,-,-,-,-,18.3,20.7,9 - 14.1
  801-1000,Universit� de Poitiers,France,L,CO,HI,5,public,-,-,-,-,,37.4,9 - 14.1
  801-1000,Universit� de Rennes 1,France,L,CO,VH,5,public,-,-,-,-,16.7,16.6,9 - 14.1
  801-1000,Universit� Lumi�re Lyon 2,France,L,SP,HI,5,public,-,-,-,-,25.5,-,9 - 14.1
  801-1000,Universit� Paul-Val�ry Montpellier 3,France,L,FO,MD,5,public,-,-,-,-,18.9,85.5,9 - 14.1
  801-1000,"Universit� Toulouse 1, Capitole",France,L,FO,MD,5,public,-,-,-,-,38.2,61.9,9 - 14.1
  801-1000,Universiti Malaysia Sarawak (UNIMAS),Malaysia,L,FC,MD,3,public,-,-,-,-,36.8,-,9 - 14.1
  801-1000,Universiti Tenaga Nasional (UNITEN),Malaysia,M,SP,HI,2,Other,-,-,32.1,-,16.2,14.6,9 - 14.1
  801-1000,Universiti Tunku Abdul Rahman (UTAR),Malaysia,L,FC,MD,2,private,-,22.5,-,-,-,-,9 - 14.1
  801-1000,University of Arkansas Fayetteville,United States,L,CO,VH,5,public,-,-,-,-,-,-,9 - 14.1
  801-1000,University of Bahrain,Bahrain,L,CO,MD,3,public,-,19.4,-,-,98.2,22.3,9 - 14.1
  801-1000,University of Bari,Italy,L,FC,HI,4,public,-,-,-,25.8,-,-,9 - 14.1
  801-1000,University of Belgrade,Serbia,XL,FC,VH,5,public,-,-,-,-,-,-,9 - 14.1
  801-1000,University of Brighton,United Kingdom,L,CO,HI,,,-,-,-,-,59.2,56.3,9 - 14.1
  801-1000,University of Bucharest,Romania,XL,FO,VH,5,public,17.6,-,-,-,-,-,9 - 14.1
  801-1000,University of Calcutta,India,L,CO,VH,5,public,-,-,-,18.6,-,-,9 - 14.1
  801-1000,University of Central Lancashire,United Kingdom,L,CO,HI,3,public,-,-,26.3,-,32.3,50.3,9 - 14.1
  801-1000,University of Dhaka,Bangladesh,XL,FC,MD,4,public,-,20.9,-,-,-,-,9 - 14.1
  801-1000,University of Engineering & Technology (UET) Lahore,Pakistan,L,FO,HI,4,public,-,26,-,-,-,-,9 - 14.1
  801-1000,University of Gdansk,Poland,L,FO,VH,3,public,-,-,-,-,-,-,9 - 14.1
  801-1000,University of Kufa,Iraq,L,FC,MD,3,public,-,-,43.6,-,-,-,9 - 14.1
  801-1000,University of Kwazulu-Natal,South Africa,XL,FC,HI,3,public,-,-,-,19.2,33.3,-,9 - 14.1
  801-1000,University of Latvia,Latvia,L,FC,MD,5,public,-,-,-,-,-,-,9 - 14.1
  801-1000,University of Lincoln,United Kingdom,L,CO,HI,5,public,-,-,-,-,75.5,-,9 - 14.1
  801-1000,University of Lodz,Poland,L,CO,HI,4,,-,-,27.5,-,-,-,9 - 14.1
  801-1000,University of Malaysia Sabah (UMS),Malaysia,L,FC,MD,3,public,-,-,-,-,24.7,-,9 - 14.1
  801-1000,University of Mississippi,United States,L,CO,VH,5,public,-,-,36.6,-,-,-,9 - 14.1
  801-1000,University of Montana Missoula,United States,M,,,5,public,-,-,-,22.6,-,-,9 - 14.1
  801-1000,University of Mumbai,India,M,FC,MD,5,public,-,25.5,-,-,-,-,9 - 14.1
  801-1000,University of New England,Australia,L,CO,HI,5,public,-,-,-,25.5,-,-,9 - 14.1
  801-1000,University of New Hampshire,United States,L,CO,VH,5,public,-,-,-,30.9,-,-,9 - 14.1
  801-1000,University of Ostrava,Czech Republic,M,CO,HI,3,public,-,-,32.7,-,16.1,-,9 - 14.1
  801-1000,University of Parma,Italy,L,FC,HI,5,,-,-,-,38.6,-,-,9 - 14.1
  801-1000,University of Peradeniya,Sri Lanka,L,CO,HI,3,public,-,-,23.6,-,,-,9 - 14.1
  801-1000,University of Salford,United Kingdom,L,CO,HI,4,public,-,-,-,-,32,55.7,9 - 14.1
  801-1000,University of San Diego,United States,M,CO,HI,4,private,-,-,26.2,-,-,-,9 - 14.1
  801-1000,University of San Francisco,United States,M,CO,HI,5,private,-,-,-,-,-,38.3,9 - 14.1
  801-1000,University of Santo Tomas,Philippines,XL,FC,LO,5,private,-,18.2,-,-,21.7,-,9 - 14.1
  801-1000,University of Silesia,Poland,L,CO,HI,4,public,-,-,36,-,,-,9 - 14.1
  801-1000,University of the Pacific,United States,M,CO,HI,5,private,-,-,45.2,-,-,-,9 - 14.1
  801-1000,University of the Punjab,Pakistan,L,CO,HI,5,public,-,20.2,-,-,-,-,9 - 14.1
  801-1000,University of the Western Cape,South Africa,L,CO,HI,4,public,-,-,-,20.5,28.7,-,9 - 14.1
  801-1000,University of Wroclaw,Poland,L,CO,VH,4,public,-,-,-,-,-,-,9 - 14.1
  801-1000,University Toulouse � Jean Jaur�s,France,XL,FO,MD,5,public,-,-,-,-,34.6,34.2,9 - 14.1
  801-1000,Utah State University,United States,L,CO,VH,5,public,-,-,-,33.5,-,-,9 - 14.1
  801-1000,Vellore Institute of Technology (VIT),India,XL,FO,VH,3,private,-,-,-,-,-,-,9 - 14.1
  801-1000,Verona University,Italy,L,FC,HI,3,public,-,-,-,31,-,-,9 - 14.1
  801-1000,"Vietnam National University, Hanoi",Vietnam,XL,FO,HI,3,public,-,-,-,-,-,-,9 - 14.1
  801-1000,Voronezh State University,Russia,L,CO,HI,5,public,-,-,37.3,-,-,16.3,9 - 14.1
  801-1000,Vytautas Magnus University,Lithuania,M,FO,VH,4,public,-,-,-,-,17.4,-,9 - 14.1
  801-1000,Warsaw University of Life Sciences,Poland,L,FO,VH,5,public,-,-,28.8,-,-,-,9 - 14.1
  801-1000,Wroc?aw University of Science and Technology,Poland,L,FO,VH,5,public,-,-,26.3,-,-,-,9 - 14.1
  801-1000,Wuhan University of Technology,China,XL,FO,VH,2,public,-,-,-,18.9,-,-,9 - 14.1
  801-1000,Xi'an Jiaotong-Liverpool University,China,M,CO,HI,2,private,-,-,-,-,100,-,9 - 14.1
  801-1000,Yeungnam University,South Korea,L,FC,HI,4,Other,-,-,-,23.4,21.9,-,9 - 14.1
N/A,Baylor College of Medicine,United States,S,SP,VH,5,private,-,-,100,17.5,,28.2,-
N/A,BI Norwegian Business School,Norway,L,SP,VH,4,private,-,-,-,17.9,82.3,20.2,-
N/A,Central European University,Hungary,S,FO,VH,3,private,18.9,-,93.4,37.5,100,100,-
N/A,Copenhagen Business School,Denmark,L,SP,VH,5,public,-,20.8,-,43.8,87.4,69.4,-
N/A,Cranfield University,United Kingdom,S,CO,VH,4,public,-,25.8,99.5,52.2,98.9,100,-
N/A,ESCP Europe,France,S,SP,LO,5,private,-,47.5,-,-,100,99.9,-
N/A,"ESSEC Business School, Paris",France,M,SP,VH,5,private,-,68.7,-,41.3,99.6,90.5,-
N/A,"Grenoble INP, Grenoble Institute of Technology",France,M,SP,HI,5,public,-,27.5,-,-,34.4,77.6,-
N/A,HEC Paris,France,S,SP,VH,5,private,16.8,93.3,-,55.7,100,100,-
N/A,INSEAD (France),France,S,SP,VH,4,private,22.6,89.5,77.7,49.5,100,100,-
N/A,Jawaharlal Nehru University,India,M,CO,VH,4,public,29.3,-,40.4,19,,-,-
N/A,Karolinska Institute,Sweden,M,SP,VH,5,public,41.6,18.1,99.8,90.4,89.5,62.9,-
N/A,King Abdullah University of Science & Technology (KAUST),Saudi Arabia,S,FO,VH,2,private,21.1,-,84.8,100,100,100,-
N/A,London Business School,United Kingdom,S,SP,VH,4,public,23.8,90.5,-,94.6,100,100,-
N/A,Stockholm School of Economics,Sweden,S,SP,VH,5,private,-,25.3,-,58.3,87.7,29.5,-
N/A,Universit� Commerciale Luigi Bocconi,Italy,L,SP,VH,5,private,24.6,82.2,-,19.9,38.7,28.9,-
N/A,"Universit� de Technologie, Compi�gne (UTC)",France,S,SP,VH,3,public,-,18,38.4,25.4,,35.6,-
N/A,Universit� Sorbonne Nouvelle Paris 3,France,L,SP,VH,,,37.7,19.5,-,-,,98.5,-
N/A,"University of California, San Francisco (UCSF)",United States,S,SP,VH,5,public,45.6,-,100,57.5,45.3,-,-
N/A,"University of Economics, Prague",Czech Republic,L,SP,VH,4,public,-,23,-,-,-,43.9,-
N/A,Weizmann Institute of Science,Israel,S,FO,VH,4,public,20.8,-,100,89.4,,,-
N/A,WHU Otto Beisheim School of Management - Koblenz,Germany,S,SP,VH,3,,-,27.4,-,45.4,95.1,28.4,-
